cycle,step,t_over_T,time,activation,activation_rate,axial_shortening,maximum_discrete_interface_traction,p95_discrete_interface_traction,total_stored_energy,ecm_equilibrium_energy,ecm_viscoelastic_energy,ecm_internal_z_norm,ecm_dissipation_step,cumulative_ecm_dissipation,coupling_iterations,coupling_residual,solve_seconds,normalized_kkt_residual,volume_constraint_residual,minimum_ecm_jacobian,maximum_ecm_jacobian,minimum_gap,minimum_myocyte_face_area_ratio,minimum_endocardial_face_area_ratio,internal_symmetry_residual,internal_trace_residual,passed
2,0,0.0,1.0,0.0,0.0,2.2213053931796622e-05,0.0024056970268536,0.0022137606273212105,-0.018618351531536806,1.4523768048443794e-06,5.275116283956274e-06,0.4808948535067956,0.0,0.0,0,0.0,0.0,3.598376867108325e-09,1.1102230246251565e-16,0.9990178495169516,1.0010336004331324,0.03911799501221127,0.9999451351702635,0.9994307692828954,0.0,3.469446951953614e-18,True
2,1,0.0078125,1.0078125,0.0001204543794827595,0.030830129039150587,0.00011340793268477256,0.0023361900180752415,0.002151405782879476,-0.01861839396951836,1.4554250550897514e-06,5.230052396061459e-06,0.4795014938712652,4.10197571778197e-08,4.10197571778197e-08,2,2.8846782148089614e-06,44.715638793073595,3.587173250792574e-09,3.3306690738754696e-16,0.9990131752858298,1.0010351495714953,0.03911616616189445,0.9998816770200208,0.9994313731150851,0.0,3.469446951953614e-18,True
2,2,0.015625,1.015625,0.00048152733278030715,0.061585985597045485,0.0003855867237431143,0.002142205875395015,0.001971095050823875,-0.018618228212537623,1.4813077756990921e-06,5.157350074909685e-06,0.47811785105910537,4.044954653095226e-08,8.146930370877196e-08,2,2.8733600322667067e-06,42.136144964024425,3.6137105269546e-09,3.3306690738754696e-16,0.9989928161822708,1.0010463265598584,0.03910523750054262,0.9996559055442321,0.9994302952376614,0.0,3.469446951953614e-18,True
2,3,0.0234375,1.0234375,0.0010823490035218985,0.09219347612134185,0.0008304228316088347,0.0018252172142513554,0.00169144120409879,-0.01861722464709802,1.530674257462475e-06,5.057834352207136e-06,0.4767476201724154,3.966903603669643e-08,1.211383397454684e-07,2,2.853767216472872e-06,44.9094651970081,3.7982447666096425e-09,1.1102230246251565e-16,0.998956803797635,1.0010671352509326,0.0390851403204318,0.9992370380258214,0.9994275176479682,0.0,3.469446951953614e-18,True
2,4,0.03125,1.03125,0.001921471959676957,0.12257886448646711,0.0014509474687145474,0.001386136177953828,0.001280089077732375,-0.018614340303638326,1.60470718410904e-06,4.932655191840271e-06,0.47539444893856736,3.8687244962129166e-08,1.5982558470759755e-07,2,2.826519862781843e-06,43.76881557889283,3.697329871241637e-09,0.0,0.9989053393278757,1.0011012885346895,0.039056121583479084,0.998652600563636,0.9994230572573363,0.0,3.469446951953614e-18,True
2,5,0.0390625,1.0390625,0.0029968746805456026,0.152668949630404,0.0022448799189568325,0.0009248511873953268,0.0007802038424748844,-0.01860812794943722,1.7051108358476077e-06,4.78324721837716e-06,0.47406192569681777,3.751542519288492e-08,1.9734100990048247e-07,2,2.791455220040723e-06,48.84260877314955,3.6881766821292387e-09,1.1102230246251565e-16,0.9988386068351881,1.0011537606869276,0.03901827402391684,0.9979045758942857,0.9994169163860642,0.0,3.469446951953614e-18,True
2,6,0.046875,1.046875,0.004305966426779118,0.1823912419024606,0.003209311274641524,0.0005172766003481862,0.0004082851273872915,-0.01859674879923244,1.8340593022398866e-06,4.611331021961655e-06,0.4727535650836229,3.616707146755541e-08,2.3350808136803789e-07,2,2.7486517125371144e-06,51.15941474912688,3.723461940205938e-09,1.1102230246251565e-16,0.9987568659653483,1.0012182728141057,0.038971770623712876,0.996995493224053,0.9994090998404787,0.0,3.469446951953614e-18,True
2,7,0.0546875,1.0546875,0.00584559348169792,0.21167413769718818,0.004340747587947891,0.0010035267093019989,0.0007519150442259551,-0.01857798883461885,1.993974569800964e-06,4.419043095214831e-06,0.47147277407413324,3.465894048414103e-08,2.6816702185217893e-07,2,2.6987065665001636e-06,59.653938512085006,3.568933737543366e-09,5.551115123125783e-16,0.9986608614519786,1.0012937992461568,0.038917103382176944,0.9959284019324389,0.9993998076041399,0.0,3.469446951953614e-18,True
2,8,0.0625,1.0625,0.007612046748871327,0.2404470919537385,0.005635056467631405,0.0019039623201216969,0.0016006246823138488,-0.018549278675672052,2.1879163812814223e-06,4.20846802536257e-06,0.4702228741015494,3.300738184210003e-08,3.0117440369427895e-07,2,2.641658560249691e-06,48.29138920106925,3.2638657325127758e-09,4.440892098500626e-16,0.9985506076965659,1.001380562364982,0.03885413413334424,0.9947068640626866,0.9993893583852882,0.0,3.469446951953614e-18,True
2,9,0.0703125,1.0703125,0.009601070687655667,0.26864078810509434,0.007087555679954116,0.0029364683707135525,0.0025476188508596854,-0.018507716871012964,2.418806283857696e-06,3.982269699228926e-06,0.46900703577563124,3.123328863817374e-08,3.324076923324527e-07,2,2.5764248490492857e-06,44.71889854106121,3.2181141545908076e-09,3.3306690738754696e-16,0.9984267375324479,1.0014769811770243,0.038783755423974636,0.9933349796052972,0.9993765507498525,0.0,3.469446951953614e-18,True
2,10,0.078125,1.078125,0.011807873565164495,0.29618730506775104,0.008692885608916567,0.004102875586104363,0.00359053483890657,-0.018450096635054754,2.690513681204223e-06,3.7426663948284537e-06,0.4678283538353332,2.9354059020338245e-08,3.6176175135279095e-07,2,2.5040900349534088e-06,44.10688550490886,3.6831680590386377e-09,2.220446049250313e-16,0.9982894594472277,1.001584214730583,0.03870576593288185,0.9918174157227395,0.9993621542836428,0.0,3.469446951953614e-18,True
2,11,0.0859375,1.0859375,0.014227138999972789,0.3230202808695556,0.01044519200333327,0.005413263054150638,0.004756537139491704,-0.018372935874133422,3.0074544288679876e-06,3.491850938352459e-06,0.4666898659402778,2.7386891515699593e-08,3.891486428684905e-07,2,2.4204652135945865e-06,43.33037222898565,3.4531263926866734e-09,5.551115123125783e-16,0.9981389174370063,1.0017026461507645,0.038603597083530894,0.9901592383960096,0.9993463885586202,0.0,3.469446951953614e-18,True
2,12,0.09375,1.09375,0.016853038769745476,0.3490750725215103,0.012338363639032734,0.006853819744795498,0.0060544427328414335,-0.018272510204260545,3.3756173875262836e-06,3.231397782875235e-06,0.46559466891898005,2.534413469706456e-08,4.144927775655551e-07,2,2.3300573115585024e-06,44.29815745702945,2.817381761139535e-09,3.3306690738754696e-16,0.9979746720879039,1.0018290046446632,0.03828944660129608,0.9883657203710468,0.9993294718203888,0.0,3.469446951953614e-18,True
2,13,0.1015625,1.1015625,0.019679246851935506,0.37428891174839557,0.014365459336649788,0.008400359310018729,0.00745365247639622,-0.018144889546015345,3.7982533995099394e-06,2.964946398843554e-06,0.46454560469986855,2.3254333248630883e-08,4.3774711081418597e-07,2,2.234652496117729e-06,46.57544040493667,2.8053433542654623e-09,0.0,0.9977980258989725,1.0019636843371127,0.037903357830509146,0.9864429347729002,0.9993118030756503,0.0,3.469446951953614e-18,True
2,14,0.109375,1.109375,0.022698954663726303,0.39860105620304215,0.01651908946994396,0.01005313866647,0.008942952638446288,-0.01798597793830774,4.279358413052009e-06,2.6955598364799925e-06,0.4635453413970012,2.114151094049436e-08,4.5888862175468034e-07,2,2.1350606194988195e-06,44.725402522832155,2.546567571678094e-09,3.3306690738754696e-16,0.9976095445573231,1.0021073468358657,0.037485087468420344,0.9843973080506523,0.9992932106975957,0.0,3.469446951953614e-18,True
2,15,0.1171875,1.1171875,0.02590488746450409,0.42195293579996646,0.018791530361865316,0.011805321194801816,0.01051664018011659,-0.01779155570904656,4.822658262178007e-06,2.42632768094903e-06,0.46259635643786706,1.902989965861548e-08,4.779185214132958e-07,2,2.0294211818095857e-06,41.72095437604003,2.4035128312237555e-09,0.0,0.9974099929705745,1.0022594997024048,0.037040495674294786,0.9822355881382094,0.9992735197962849,0.0,3.469446951953614e-18,True
2,16,0.125,1.125,0.029289321881345243,0.44428829381583657,0.02117468032977443,0.013650583856473365,0.012169728994144004,-0.017557324335494798,5.432107451834527e-06,2.1600697763697578e-06,0.4617009683392266,1.694161568640497e-08,4.948601370997008e-07,2,1.9182064078619557e-06,49.42191711580381,2.2938176447184335e-09,0.0,0.9971999959876062,1.002419660011029,0.03657067989228187,0.9799648333238465,0.9992440711531947,0.0,3.469446951953614e-18,True
2,17,0.1328125,1.1328125,0.03284410451529817,0.4655533224168459,0.02366009292305793,0.015583635952874961,0.013897036885104384,-0.017278953721213422,6.111427029387999e-06,1.8995400995978224e-06,0.46086133074042007,1.4898258704580308e-08,5.097583958042811e-07,2,1.8017913302018369e-06,43.110391007969156,2.117315060910845e-09,0.0,0.9969802058977681,1.0025873231580051,0.03607684505071946,0.977592407168213,0.999198802970682,0.0,3.469446951953614e-18,True
2,18,0.140625,1.140625,0.036560671583635455,0.485696792286498,0.026239018692818306,0.01760291444516842,0.015693209447408325,-0.01695213162160857,6.864031583018355e-06,1.6473952978571957e-06,0.4600794271558403,1.2920665029067876e-08,5.22679060833349e-07,2,1.6805560852642073e-06,41.968991031870246,2.043166656386487e-09,4.440892098500626e-16,0.9967512996658485,1.0027619651554214,0.03556030448287308,0.975125943930606,0.9991500813713707,0.0,3.469446951953614e-18,True
2,19,0.1484375,1.1484375,0.040430069550756655,0.5046701760415172,0.028902449113841988,0.019696811365468078,0.017552744431965913,-0.016572614895051147,7.692960081071956e-06,1.4061650707346206e-06,0.45935706645797636,1.1028675314400639e-08,5.337077361477496e-07,2,1.5549148700462201e-06,41.917287428164855,1.8449566666682311e-09,2.220446049250313e-16,0.9965139759117713,1.0029430450333054,0.03502247941532151,0.9725733125028416,0.9990929068668487,0.0,3.469446951953614e-18,True
2,20,0.15625,1.15625,0.044442976698039774,0.5224277651385659,0.031641162470776085,0.02185920795365514,0.01947001621948405,-0.016136282236843994,8.60081162643836e-06,1.1782247410192345e-06,0.4586958791030643,9.240919424421696e-09,5.429486555721713e-07,2,1.4252894121556612e-06,42.4079254581593,1.6699816323204725e-09,4.440892098500626e-16,0.9962689519921331,1.0031300072995435,0.03446489691573314,0.9699425790477972,0.9990337068096227,0.0,3.469446951953614e-18,True
2,21,0.1640625,1.1640625,0.04858972558067784,0.538926779990128,0.034445771456699914,0.024083891365449955,0.02143930024791385,-0.015639188011627985,9.589686977484574e-06,9.657703603550296e-07,0.4580973141031841,7.574621183743985e-09,5.505232767559153e-07,2,1.2921161867555334e-06,41.82062890403904,1.503307864920599e-09,3.3306690738754696e-16,0.9960169609626099,1.003322284444161,0.03388918618652129,0.967241968609528,0.9989726424262705,0.0,3.469446951953614e-18,True
2,22,0.171875,1.171875,0.05286032631740022,0.5541274730242828,0.03730677221127088,0.026364561874510768,0.023454797108372085,-0.015077616757001028,1.0661136710494908e-05,7.707966122253715e-07,0.4575626367483908,6.04542506893048e-09,5.565687018248457e-07,2,1.1558475301208452e-06,42.75324994395487,1.3402170384367442e-09,4.440892098500626e-16,0.9957587485300211,1.0035192995202693,0.03329707314168369,0.964479825954772,0.9989098794336867,0.0,3.469446951953614e-18,True
2,23,0.1796875,1.1796875,0.057244490656971785,0.5679932244400879,0.04021459446284559,0.028694844021490255,0.025510656265746195,-0.014448137887977443,1.1816116596395914e-05,5.950777641724077e-07,0.45709292707162774,4.667246815089934e-09,5.612359486399357e-07,2,1.0168710974283677e-06,42.72468031104654,1.211834227629052e-09,3.3306690738754696e-16,0.9954950699958788,1.0037204686606491,0.03269037321198861,0.9616645759648063,0.9988455875764218,0.0,3.469446951953614e-18,True
2,24,0.1875,1.1875,0.061731656763491016,0.5804906304278862,0.04315965239346442,0.03106830000978406,0.027600999109693228,-0.013747660089428407,1.3054950954184737e-05,4.401518079625861e-07,0.4566890790567949,3.4521490258108178e-09,5.646880976657465e-07,2,8.758848343189598e-07,38.02475498593412,1.0117580410430638e-09,0.0,0.9952266872098827,1.0039252037004818,0.0320709824752449,0.9588046838999361,0.9987799399476407,0.0,3.469446951953614e-18,True
2,25,0.1953125,1.1953125,0.066311014660778,0.5915895836420095,0.04613239579963391,0.03347844438417549,0.02971994133111149,-0.012973484842985284,1.4377304226362653e-05,3.073079516130281e-07,0.4563518005738785,2.410243072033426e-09,5.670983407377799e-07,2,7.331680890870048e-07,39.29714927007444,8.914883337749392e-10,3.3306690738754696e-16,0.9949543655425719,1.0041329146957967,0.03144086705310101,0.9559086159086126,0.9987131129258031,0.0,3.469446951953614e-18,True
2,26,0.203125,1.203125,0.07097153227455377,0.6012633457320116,0.049123361072674454,0.03591876007117087,0.03186161444243676,-0.01212335849740093,1.578216118225704e-05,1.9757750739243866e-07,0.4560816140298709,1.5496176258462576e-09,5.686479583636262e-07,2,5.893209283523059e-07,38.601295930100605,7.322162796449501e-10,0.0,0.994678870901094,1.0043430124012314,0.03080205110947642,0.9529848001591373,0.9986452849636465,0.0,3.469446951953614e-18,True
2,27,0.2109375,1.2109375,0.0757019820096736,0.609488611757696,0.052123221482134885,0.03838271470591692,0.03402018638936833,-0.01119552225853672,1.726781592201161e-05,1.1172820299470657e-07,0.4558788577166725,8.762940425239159e-10,5.695242524061502e-07,2,4.4495508089951657e-07,39.12760268710554,5.204167341478889e-10,0.0,0.994400966765113,1.0045549107269016,0.03015660332400057,0.950041588986131,0.9985766365092329,0.0,3.469446951953614e-18,True
2,28,0.21875,1.21875,0.08049096779838717,0.6162455663327588,0.05512283621421665,0.04086377804388043,0.03618988115074845,-0.010188759448590707,1.883186964669144e-05,5.0261882146828925e-08,0.4557436878339911,3.942083261948623e-10,5.699184607323451e-07,2,3.009698589160796e-07,36.52626933879219,3.5196811846487694e-10,1.1102230246251565e-16,0.9941214113418468,1.004768029057674,0.02950662233992052,0.9470872224487119,0.9985040595381133,0.0,3.469446951953614e-18,True
2,29,0.2265625,1.2265625,0.08532695255446383,0.6215179313617893,0.058113297588631596,0.04335543987386848,0.038364997289478,-0.009102439365564319,2.0471237116916255e-05,1.3415510874360862e-08,0.45567608116092634,1.0521902206886593e-10,5.70023679754414e-07,2,1.5983415048290758e-07,37.45857519400306,1.8827797401360712e-10,1.1102230246251565e-16,0.993840954766655,1.004981794495695,0.028854221262791416,0.9441297937042439,0.9984297668823436,0.0,3.469446951953614e-18,True
2,30,0.234375,1.234375,0.09019828596704393,0.6252930052556279,0.06108597565001994,0.04585120406725199,0.04053992204787681,-0.007936557064933937,2.2182151675617746e-05,1.1627595369659433e-09,0.45567583992462674,9.119624479950646e-12,5.70032799378894e-07,1,4.573225303873054e-05,23.594884512014687,6.67095927878642e-08,3.3306690738754696e-16,0.9935603940384851,1.0051956089527594,0.02820157351104989,0.9411772167963748,0.9983550347746282,0.0,3.469446951953614e-18,True
2,31,0.2421875,1.2421875,0.0950932325672582,0.6275616935306071,0.06403256111516442,0.04834473058980754,0.042709164391593224,-0.006691768387777658,2.396023750661917e-05,1.3234191928973703e-08,0.4557425893584677,1.0379692176317749e-10,5.701365963006571e-07,2,1.4761851171146005e-07,36.68963975016959,1.7627757315887823e-10,1.1102230246251565e-16,0.9932802824620868,1.005409026114894,0.02755058682731007,0.9382371955709404,0.9982801611520495,0.0,3.469446951953614e-18,True
2,32,0.25,1.25,0.09999999999999999,0.6283185307179586,0.06694510142404164,0.050829609718989206,0.04486733670277371,-0.0053694195739868045,2.5800441347055294e-05,4.9101216345224735e-08,0.4558757916056478,3.851051230641129e-10,5.705217014237213e-07,2,2.853568790115197e-07,36.621974736917764,3.4141005725572773e-10,2.220446049250313e-16,0.9930015031409269,1.0056214032773307,0.026903506004859974,0.9353171989875225,0.9982052369826929,0.0,3.469446951953614e-18,True
2,33,0.2578125,1.2578125,0.10490676743274181,0.6275616935306071,0.06981603719359641,0.053299627636152196,0.047009202162194036,-0.003971570828348193,2.7697168594871858e-05,1.0801463523744915e-07,0.45607474431936235,8.471682066566059e-10,5.713688696303779e-07,2,4.2450087718611244e-07,39.03667503595352,5.061449372900772e-10,0.0,0.9927246908943127,1.0058322528788426,0.02626227803036128,0.9324244348267665,0.9981304904798302,0.0,3.469446951953614e-18,True
2,34,0.265625,1.265625,0.10980171403295608,0.625293005255628,0.07263823078496823,0.055748664071979086,0.04912967078796426,-0.0025010132495115003,2.964427741252185e-05,1.890063943228721e-07,0.45633858763046836,1.4823936383541045e-09,5.72851263268732e-07,2,5.622876957740512e-07,38.86999804689549,6.999521146455947e-10,0.0,0.9924505180536652,1.0060410690083965,0.02562884622194374,0.9295658302738988,0.9980561138848286,0.0,1.734723475976807e-18,True
2,35,0.2734375,1.2734375,0.11467304744553618,0.6215179313617893,0.07540499127913625,0.058170737138999666,0.051223814294091397,-0.000961278590236393,3.163513745819517e-05,2.909089217922909e-07,0.4566663099422689,2.281624050605769e-09,5.751328873193378e-07,2,6.978558849495988e-07,37.443030952941626,8.049702959586764e-10,5.551115123125783e-16,0.9921796350082632,1.006247363632415,0.02500507416010342,0.9267480145661705,0.9979822972211267,0.0,3.469446951953614e-18,True
2,36,0.28125,1.28125,0.11950903220161282,0.6162455663327588,0.07811009398622804,0.06056002331115375,0.05328687635536483,0.0006433586103651769,3.366268321503726e-05,4.123734977338186e-07,0.4570567540836376,3.2342813154890874e-09,5.783671686348268e-07,2,8.306942962869343e-07,37.42431792104617,9.727198517285795e-10,0.0,0.9919126685357502,1.0064506676390235,0.02439273280066651,0.9239773054292014,0.9979092274055469,0.0,3.469446951953614e-18,True
2,37,0.2890625,1.2890625,0.12429801799032639,0.609488611757696,0.08074779449619052,0.06291087671026359,0.05531428161067949,0.002307886895248118,3.571947084939304e-05,5.518899264828639e-07,0.45750862376577933,4.328520836667185e-09,5.82695689471494e-07,2,9.60396654693713e-07,39.3818065659143,1.109039891243689e-09,5.551115123125783e-16,0.991650220349966,1.0066505316844694,0.023793489143562795,0.9212596990816627,0.9978370876623813,0.0,3.469446951953614e-18,True
2,38,0.296875,1.296875,0.1290284677254462,0.6012633457320116,0.08331283716385063,0.06521784745658732,0.057301643369282625,0.004026572031818574,3.7797737659533816e-05,7.078071763319791e-07,0.4580204902873568,5.551393428433319e-09,5.882470828999273e-07,2,1.0866189198859027e-06,39.57054592715576,1.269334933780586e-09,0.0,0.9913928658933233,1.0068465268519053,0.023208896694872545,0.9186008637391272,0.9977660566518112,0.0,3.469446951953614e-18,True
2,39,0.3046875,1.3046875,0.133688985339222,0.5915895836420095,0.08580045802686098,0.06747569859872257,0.05924477001646593,0.0057929795912003024,3.988946316563035e-05,8.783546514338349e-07,0.45859079943101316,6.8890121531016695e-09,5.95136095053029e-07,2,1.2090517955788114e-06,39.285126856993884,1.3940146582322382e-09,1.1102230246251565e-16,0.9911411533397867,1.0070382450919677,0.022640387838950723,0.9160061364811893,0.9976963078211866,0.0,3.469446951953614e-18,True
2,40,0.3125,1.3125,0.13826834323650897,0.5804906304278862,0.08820638227021993,0.06967942144048563,0.061139670100234175,0.007600006008115487,4.1986430844811604e-05,1.0616637681968898e-06,0.45921787849361634,8.32672154656093e-09,6.0346281659959e-07,2,1.3274147538069156e-06,41.5845700209029,1.5451407209298956e-09,1.1102230246251565e-16,0.9908956028990585,1.0072252995087692,0.022089268256497027,0.9134805232913698,0.9976280087588072,0.0,3.469446951953614e-18,True
2,41,0.3203125,1.3203125,0.1427555093430282,0.567993224440088,0.09052681645336769,0.0718242487548119,0.0629825560915321,0.009439918039746144,4.408028973435648e-05,1.2557895333597744e-06,0.4598999433951068,9.849266856993692e-09,6.133120834565837e-07,2,1.4414526201919702e-06,40.02882431191392,1.7150601320670131e-09,0.0,0.9906567063072826,1.0074073244352448,0.021556713396251224,0.9110287020263546,0.9975613207411823,0.0,3.469446951953614e-18,True
2,42,0.328125,1.328125,0.14713967368259978,0.5541274730242828,0.09275843581300192,0.07390566586115363,0.06476984678233735,0.011304400413303354,4.616261506899072e-05,1.4587318432400448e-06,0.46063510581349193,1.1440961096742232e-08,6.247530445533259e-07,2,1.5509374712612298e-06,40.0535592159722,1.795067028462131e-09,0.0,0.9904249265771217,1.007583975410021,0.021043767057217888,0.9086550280017601,0.9974963980391717,0.0,3.469446951953614e-18,True
2,43,0.3359375,1.3359375,0.15141027441932217,0.538926779990128,0.09489836704645316,0.07591941921736932,0.06649816844466788,0.013184611323182487,4.8224966964524617e-05,1.668456218724063e-06,0.46142138028890933,1.3085847668643947e-08,6.378388922219699e-07,2,1.6556618106533642e-06,40.62037865095772,1.921325612106413e-09,2.220446049250313e-16,0.9902006980063595,1.007754928919138,0.020551341929429003,0.9063635418840761,0.9974333875938256,0.0,3.469446951953614e-18,True
2,44,0.34375,1.34375,0.1555570233019602,0.522427765138566,0.09694416704423381,0.07786152237680875,0.06816435464799876,0.015071245312615885,5.0258946940627316e-05,1.8829137907371305e-06,0.46225669125422736,1.476785711381636e-08,6.526067493357862e-07,2,1.7554423159170557e-06,41.39679495501332,2.037489014136429e-09,3.3306690738754696e-16,0.9899844263467561,1.0079198820693935,0.020080222069811596,0.9041579795329983,0.9973724286959909,0.0,3.469446951953614e-18,True
2,45,0.3515625,1.3515625,0.15956993044924334,0.5046701760415173,0.0988937981064667,0.07972825934906909,0.06976544488742922,0.016954602954656485,5.225625130331791e-05,2.1000603043451397e-06,0.4631388799434189,1.6470956162483367e-08,6.690777054982696e-07,2,1.850115460786336e-06,40.6205470059067,2.1605007476725296e-09,0.0,0.9897764892343225,1.0080785521456515,0.0196310671175426,0.9020417834309022,0.9973136526693309,0.0,3.469446951953614e-18,True
2,46,0.359375,1.359375,0.16343932841636455,0.48569679228649804,0.10074560020447121,0.08151618527796659,0.07129868201021883,0.018824666635908233,5.4208721363694717e-05,2.317874023622337e-06,0.4640657111424722,1.8179288163416455e-08,6.87256993661686e-07,2,1.939541191440642e-06,41.20816683303565,2.3152714249933433e-09,5.551115123125783e-16,0.9895772367223623,1.0082306760634916,0.019204418105940552,0.900018115332699,0.9972571827753096,0.0,3.469446951953614e-18,True
2,47,0.3671875,1.3671875,0.16715589548470186,0.4655533224168458,0.10249826088419789,0.0832221246071914,0.07276150864473904,0.020671181646138206,5.610838964469486e-05,2.5343723629690757e-06,0.46503487974141616,1.987730352480976e-08,7.071342971864958e-07,2,2.023594784819771e-06,43.499527405016124,2.366554709162801e-09,2.220446049250313e-16,0.9893869921062103,1.0083760097123564,0.01880070460281882,0.898089869805878,0.9972031340165165,0.0,3.469446951953614e-18,True
2,48,0.375,1.375,0.17071067811865476,0.4442882938158366,0.1041507834014701,0.08484316676386643,0.07415156254218164,0.022483741689798588,5.794752262092849e-05,2.747627241362907e-06,0.4660440170674972,2.154988013901126e-08,7.28684177325507e-07,2,2.102174271127498e-06,41.53976435493678,2.473158887880642e-09,4.440892098500626e-16,0.9892060526971056,1.0085143273094304,0.018420253070807628,0.8962596883095005,0.9971516133116777,0.0,3.469446951953614e-18,True
2,49,0.3828125,1.3828125,0.1740951125354959,0.4219529357999666,0.10570245367742925,0.08637665963106769,0.07546667116303489,0.02425187786319191,5.971865911032403e-05,2.9557790234277516e-06,0.46709069696820776,2.3182432723543783e-08,7.518666100490508e-07,2,2.175192211370982e-06,40.88617846695706,2.553303400028386e-09,5.551115123125783e-16,0.9890346908918617,1.0086454206495838,0.018063296075299228,0.8945299735262285,0.9971027194494285,0.0,3.469446951953614e-18,True
2,50,0.390625,1.390625,0.1773010453362737,0.39860105620304215,0.10715280663653881,0.08782020129345917,0.07670484549754496,0.02596515008462535,6.141464495875611e-05,3.1570491068857123e-06,0.4681724416335713,2.4761011545588284e-08,7.766276215946391e-07,2,2.242582613021992e-06,41.25986604602076,2.6609195702151363e-09,5.551115123125783e-16,0.9888731551899174,1.008769098372926,0.017729982284441212,0.892902903640178,0.9970565430900203,0.0,3.469446951953614e-18,True
2,51,0.3984375,1.3984375,0.1803207531480645,0.3742889117483956,0.1085015924559175,0.08917162967263535,0.0778642732818198,0.027613239925078817,6.302866350256492e-05,3.349751083493527e-06,0.4692867271376267,2.6272389958181464e-08,8.029000115528205e-07,2,2.304289807989555e-06,41.04858818394132,2.7132012515160584e-09,0.0,0.9887216713765238,1.0088851851890475,0.01742038680444057,0.8913804463712391,0.9970131672331215,0.0,3.469446951953614e-18,True
2,52,0.40625,1.40625,0.18314696123025453,0.3490750725215103,0.1097487432172558,0.0904290113065968,0.07894331184836685,0.02918604376383215,6.455426263865563e-05,3.5323006024800444e-06,0.47043098870157446,2.7704141760016875e-08,8.306041533128374e-07,2,2.3602759311160347e-06,40.277709861053154,2.8898670962644846e-09,1.1102230246251565e-16,0.988580443623585,1.0089935211581653,0.017134521888892258,0.8899643725318642,0.99697266737007,0.0,3.469446951953614e-18,True
2,53,0.4140625,1.4140625,0.1857728610000272,0.32302028086955564,0.11089434039767054,0.09159062886608711,0.07994048064137559,0.030673765186903065,6.598537816102233e-05,3.7032239139342377e-06,0.47160262567269223,2.9044708201982215e-08,8.596488615148196e-07,2,2.4105186793779323e-06,41.68290715198964,2.921317898472343e-09,4.440892098500626e-16,0.98844965572258,1.0090939608990395,0.016872347629886465,0.8886562689293207,0.9969351115959458,0.0,3.469446951953614e-18,True
2,54,0.421875,1.421875,0.18819212643483552,0.2961873050677512,0.11193858359979914,0.0926549679752629,0.08085445359915543,0.03206700555545455,6.731635369568836e-05,3.861165165943592e-06,0.4727990062199296,3.028345521925178e-08,8.899323167340714e-07,2,2.4550036964971737e-06,42.13365845801309,2.899008543670279e-09,5.551115123125783e-16,0.988329472236255,1.0091863729366446,0.01663378247967051,0.8874575505152656,0.996900561134831,0.0,3.469446951953614e-18,True
2,55,0.4296875,1.4296875,0.19039892931234437,0.26864078810509434,0.11288176085235269,0.0936207038876494,0.08168405157865387,0.03335685169560711,6.854195796207245e-05,4.0048925998450716e-06,0.47401747176101744,3.141072202118092e-08,9.213430387552523e-07,2,2.493730562469655e-06,41.31742172292434,2.9639034579644307e-09,0.0,0.9882200396347385,1.0092706389797317,0.016418713530951767,0.8863694716524317,0.9968690706312446,0.0,3.469446951953614e-18,True
2,56,0.4375,1.4375,0.19238795325112867,0.24044709195373856,0.11372422078027544,0.09448668814615123,0.08242823498877176,0.03453495969921519,6.965739911408186e-05,4.133303656106463e-06,0.47525534112872536,3.241786113717806e-08,9.537608998924303e-07,2,2.526711163649007e-06,40.48828195105307,3.054572595850896e-09,0.0,0.9881214873963413,1.009346653344419,0.016227006281915743,0.8853931364485563,0.9968406882489276,0.0,3.469446951953614e-18,True
2,57,0.4453125,1.4453125,0.19415440651830207,0.21167413769718837,0.11446634688187163,0.09525193532809492,0.08308609655371438,0.03559363387583713,7.065833671409993e-05,4.245429100958143e-06,0.4765099144903678,3.3297270782239463e-08,9.870581706746697e-07,2,2.553963853712021e-06,40.3133006838616,3.083177073225449e-09,5.551115123125783e-16,0.9880339290209224,1.0094143222956806,0.01605851380706332,0.8845295080967047,0.9968154563456456,0.0,3.469446951953614e-18,True
2,58,0.453125,1.453125,0.1956940335732209,0.18239124190246064,0.11510853411801059,0.0959156106987748,0.0836568546914244,0.036525899957958075,7.15408918381587e-05,4.340436308076349e-06,0.47777847704458315,3.404242059547377e-08,1.0211005912701436e-06,2,2.575520973461084e-06,43.26601437898353,3.2380730803964663e-09,4.440892098500626e-16,0.9879574630045549,1.0094735635944505,0.015913085239767217,0.8837794171979616,0.9967934115844929,0.0,3.469446951953614e-18,True
2,59,0.4609375,1.4609375,0.1970031253194544,0.15266894963040414,0.11565116796823682,0.09647701849545431,0.08413984729567152,0.03732557173309711,7.230165493171266e-05,4.417631672216837e-06,0.4790583025058217,3.464787057044564e-08,1.0557484618405892e-06,2,2.5914140847100666e-06,45.94257858605124,3.1273590983259125e-09,0.0,0.9878921736874376,1.0095243059983932,0.015790573393126506,0.8831435690803816,0.9967745853523354,0.0,3.469446951953614e-18,True
2,60,0.46875,1.46875,0.19807852804032305,0.12257886448646735,0.11609460608517685,0.09693559155886194,0.08453452619363949,0.03798731035634478,7.293769284194871e-05,4.476462408637963e-06,0.4803466564137891,3.510928516820445e-08,1.0908577470087936e-06,2,2.6016891301937234e-06,41.95612692204304,3.159462573136988e-09,1.1102230246251565e-16,0.987838132033442,1.0095664888353884,0.015690841607027002,0.8826225500553334,0.9967590038284825,0.0,3.469446951953614e-18,True
2,61,0.4765625,1.4765625,0.19891765099647812,0.09219347612134189,0.11643916264039245,0.0972908819611993,0.08484045228149492,0.038506675683801464,7.344655405101216e-05,4.516517630287898e-06,0.48164079928103304,3.5423441765760054e-08,1.1262811887745537e-06,2,2.606397520681749e-06,41.6258886710275,3.168057040331703e-09,2.220446049250313e-16,0.9877953962574163,1.0096000616822718,0.015613769535121141,0.8822168327293951,0.9967466884695428,0.0,3.469446951953614e-18,True
2,62,0.484375,1.484375,0.19951847266721967,0.061585985597045624,0.11668509543803618,0.09754255337154855,0.08505729147278669,0.03888016906006027,7.382627303338802e-05,4.5375288777700815e-06,0.48293798960901474,3.558823481264626e-08,1.1618694235871999e-06,2,2.6055968090284356e-06,44.17829652293585,3.1437900549755096e-09,0.0,0.9877640124190371,1.0096249840736886,0.015559257992042977,0.881926780256218,0.9967376558084595,0.0,3.469446951953614e-18,True
2,63,0.4921875,1.4921875,0.19987954562051724,0.030830129039150556,0.1168325958404276,0.09769037451226156,0.0851848115247201,0.03910526709017617,7.407537360120382e-05,4.539370100327474e-06,0.48423548679564715,3.5602675681780244e-08,1.19747209926898e-06,2,2.599222285228761e-06,39.7393144138623,3.485493076306872e-09,0.0,0.9877440148132026,1.0096412252814762,0.015527232646394494,0.88175264966576,0.9967319188854213,0.0,3.469446951953614e-18,True
2,64,0.5,1.5,0.2,7.694682774887159e-17,0.11688178155420581,0.09773421549704867,0.08522287963938702,0.039180446027431426,7.419287206573863e-05,4.522057249255108e-06,0.4855305539750735,3.546688948056005e-08,1.2329389887495402e-06,2,2.5876927191968e-06,42.09865327598527,3.1384592933663685e-09,0.0,0.9877354262864646,1.0096487641367944,0.015517646969783763,0.8816945942049992,0.9967294849996211,0.0,3.469446951953614e-18,True
2,65,0.5078125,1.5078125,0.19987954562051724,-0.030830129039150403,0.11683269228961679,0.09767404421834436,0.08517146106615087,0.03910519651173939,7.417827882220763e-05,4.485747269466542e-06,0.48682046079600316,3.518210714163359e-08,1.2681210958911737e-06,2,2.5707408249341864e-06,40.09747106488794,3.1689500228751772e-09,0.0,0.9877382584297477,1.0096475889896739,0.015530483604841402,0.8817526647469124,0.9967303582282235,0.0,3.469446951953614e-18,True
2,66,0.515625,1.515625,0.1995184726672197,-0.06158598559704548,0.11668528831094649,0.0975099261976978,0.08503061871771912,0.03888002849888744,7.403160046842961e-05,4.430736841199611e-06,0.48810248619160224,3.475065555398642e-08,1.30287175144516e-06,2,2.5484460449819354e-06,40.83190921111964,3.2929413306462997e-09,1.1102230246251565e-16,0.9877525116160055,1.0096376976341028,0.015565755094684868,0.8819268102501369,0.9967345379682074,0.0,3.469446951953614e-18,True
2,67,0.5234375,1.5234375,0.19891765099647812,-0.09219347612134175,0.11643945188702598,0.09724202498526224,0.08480051346123832,0.0385064663272336,7.375334032708713e-05,4.357460540200123e-06,0.4893739211468029,3.417594313310302e-08,1.3370476945782631e-06,2,2.5212107743216243e-06,43.22248509014025,3.0914695793441133e-09,0.0,0.9877781749473481,1.0096190974007395,0.015623503187514532,0.8822168773027,0.9967420195137282,0.0,3.469446951953614e-18,True
2,68,0.53125,1.53125,0.19807852804032305,-0.12257886448646718,0.11609499162388015,0.09687060550212016,0.08448140574091469,0.0379870339752468,7.334449926605034e-05,4.266488711489321e-06,0.4906320715101807,3.34624431447378e-08,1.370510137723001e-06,2,2.488775686941595e-06,40.75796859082766,3.092459039030746e-09,0.0,0.9878152260422619,1.009591805216108,0.01570379726543966,0.8826226087136203,0.9967527936783485,0.0,3.469446951953614e-18,True
2,69,0.5390625,1.5390625,0.1970031253194544,-0.15266894963040398,0.11565164968195596,0.09639603816745809,0.08407365772775505,0.03732523066969873,7.280657525227493e-05,4.158524804023103e-06,0.4918742608637218,3.261567280041622e-08,1.4031258105234172e-06,2,2.4513418904135124e-06,42.57429007207975,3.1141697729764934e-09,2.220446049250313e-16,0.9878636307611083,1.0095558477961413,0.015806731524459203,0.8831436411625807,0.996766846867694,0.0,3.469446951953614e-18,True
2,70,0.546875,1.546875,0.1956940335732209,-0.18239124190246045,0.11510911184762529,0.09581880520902236,0.08357773656736853,0.036525497109670825,7.214156247619347e-05,4.034402293966175e-06,0.4930978334851123,3.16421691264051e-08,1.4347679796498223e-06,2,2.4089921209531212e-06,41.761145817814395,2.9766088074314342e-09,3.3306690738754696e-16,0.9879233426654247,1.0095112618876316,0.015932421160939285,0.8837795018915813,0.9967841609938052,0.0,3.469446951953614e-18,True
2,71,0.5546875,1.5546875,0.19415440651830207,-0.21167413769718824,0.11446702041512768,0.09513950878931389,0.08299421851427913,0.03559317267507425,7.135194975454212e-05,3.895081131881648e-06,0.4943001574323666,3.054946109871037e-08,1.4653174407485327e-06,2,2.3618210039027737e-06,42.43080453784205,3.043001023374521e-09,2.220446049250313e-16,0.9879943025986465,1.0094580945797855,0.016080997578921306,0.8845296044336234,0.99680471286235,0.0,3.469446951953614e-18,True
2,72,0.5625,1.5625,0.1923879532511287,-0.24044709195373842,0.1137249898417626,0.09435887976857409,0.08232379358655455,0.034534444089255656,7.044071723614302e-05,3.741643545524814e-06,0.49547862776147017,2.934603672402402e-08,1.4946634774725567e-06,2,2.3099155425831495e-06,41.91456042416394,2.874215674720625e-09,4.440892098500626e-16,0.9880764378775322,1.0093964036192697,0.01625260243798601,0.8853932433257229,0.9968284743816042,0.0,3.469446951953614e-18,True
2,73,0.5703125,1.5703125,0.19039892931234437,-0.2686407881050942,0.11288262509144953,0.09347778870438672,0.08156727123411699,0.03335628610255008,6.941133254985738e-05,3.5752893565037206e-06,0.4966306699174727,2.8041306307881945e-08,1.5227047837804387e-06,2,2.2533722215369048e-06,40.03637625114061,2.8243555994878886e-09,3.3306690738754696e-16,0.9881696615932652,1.0093262579292563,0.016447380952931304,0.8863695878255075,0.996855411969389,0.0,3.469446951953614e-18,True
2,74,0.578125,1.578125,0.18819212643483552,-0.29618730506775104,0.11193954257747663,0.09249725707852938,0.08072558639524659,0.03206639485633513,6.826774492946778e-05,3.397330554748662e-06,0.49775374330882993,2.6645559901756938e-08,1.5493503436821956e-06,2,2.1922882590772113e-06,43.7651597710792,2.7463986142752976e-09,3.3306690738754696e-16,0.9882738717264732,1.009247738001833,0.016665474147073936,0.8874576746222902,0.996885486593617,0.0,3.469446951953614e-18,True
2,75,0.5859375,1.5859375,0.1857728610000272,-0.3230202808695555,0.11089539357201861,0.09141847005556863,0.07979980617355666,0.030673114674052572,6.701437757223332e-05,3.209185166206952e-06,0.498845345087767,2.5169919206852848e-08,1.5745202628890485e-06,2,2.126762851628722e-06,42.13132242509164,2.7467691128547806e-09,1.1102230246251565e-16,0.9883889501495767,1.009160936526597,0.016907010432140743,0.8886563994883245,0.9969186526706513,0.0,3.469446951953614e-18,True
2,76,0.59375,1.59375,0.18314696123025453,-0.3490750725215102,0.1097498899257745,0.09024278905495413,0.0787911369217222,0.029185359105589885,6.565611814137073e-05,3.012370341854966e-06,0.49990301415583344,2.3626283370624385e-08,1.5981465462596728e-06,2,2.0569000701907707e-06,42.54105102806352,2.5736186532996405e-09,1.1102230246251565e-16,0.9885147615990918,1.009065958928679,0.01717209636255055,0.8899645079582221,0.9969548590213275,0.0,3.469446951953614e-18,True
2,77,0.6015625,1.6015625,0.1803207531480645,-0.3742889117483955,0.10850283190101062,0.08897176544838714,0.0777009315749845,0.02761252712298886,6.41983064199846e-05,2.8084945449833637e-06,0.5009243354034597,2.202726771097141e-08,1.6201738139706442e-06,2,1.9828066715495533e-06,41.53298474708572,2.4834683697925012e-09,4.440892098500626e-16,0.9886511525787294,1.0089629240925295,0.017460806932918526,0.8913805849904164,0.9969940472702077,0.0,3.469446951953614e-18,True
2,78,0.609375,1.609375,0.17730104533627372,-0.398601056203042,0.10715413786640571,0.08760715363296907,0.0765306972020387,0.025964415427279966,6.26467195046189e-05,2.5992488326251282e-06,0.5019069441974348,2.038613533572043e-08,1.6405599493063647e-06,2,1.9045946060375376e-06,41.111565170111135,2.4443154679046336e-09,1.1102230246251565e-16,0.9887979501977116,1.008851965002937,0.017773175311756463,0.8929030437046591,0.9970361522805984,0.0,3.469446951953614e-18,True
2,79,0.6171875,1.6171875,0.17409511253549592,-0.42195293579996657,0.10570387557060745,0.0861509238727758,0.07528210243589292,0.02425112787691698,6.100755368678928e-05,2.3863971200438143e-06,0.5028485311184677,1.871672078615612e-08,1.6592766700925208e-06,2,1.8223776429632038e-06,43.27694586501457,2.301281144501216e-09,3.3306690738754696e-16,0.9889549609715284,1.0087332295073537,0.018109182312337362,0.8945301132268486,0.9970811015226643,0.0,3.469446951953614e-18,True
2,80,0.625,1.625,0.17071067811865479,-0.44428829381583657,0.1041522946469301,0.0846052746522631,0.07395698493679931,0.022482983086411622,5.928740309431852e-05,2.1717654225225937e-06,0.5037468469542734,1.7033345659433938e-08,1.6763100157519547e-06,2,1.7362761955308044e-06,42.21928670001216,2.3794580413220107e-09,0.0,0.9891219696380148,1.0086068810555644,0.01846874572252627,0.8962598257926602,0.997128814797714,0.0,3.469446951953614e-18,True
2,81,0.6328125,1.6328125,0.1671558954847019,-0.4655533224168457,0.10249985996502309,0.08297264379869518,0.07255735845504728,0.02067042126805187,5.7493234529470416e-05,1.957229998502639e-06,0.5045997079417305,1.5350725614180355e-08,1.6916607413661351e-06,2,1.6464152758552287e-06,40.819571463158354,2.086702374380707e-09,2.220446049250313e-16,0.9892987379554266,1.0084730995345317,0.018851709679073448,0.8980900031870392,0.9971792042438449,0.0,3.469446951953614e-18,True
2,82,0.640625,1.640625,0.1634393284163646,-0.48569679228649776,0.100747285380131,0.08125571834534427,0.07108541949767354,0.01882391139889266,5.5632358440290895e-05,1.7447043992599866e-06,0.5054050012511156,1.368386879997909e-08,1.7053446101661142e-06,2,1.5529244220467967e-06,41.51626285118982,1.992763867300284e-09,3.3306690738754696e-16,0.9894850036029501,1.0083320819886812,0.019257834301979283,0.9000182427193002,0.9972321737745702,0.0,3.469446951953614e-18,True
2,83,0.6484375,1.6484375,0.15956993044924334,-0.5046701760415174,0.09889556739628247,0.07945744266998683,0.06954355341760443,0.01695385978862016,5.3712395795687596e-05,1.5361254176593762e-06,0.506160690698461,1.204796565222147e-08,1.7173925758183356e-06,2,1.4559406686029346e-06,40.34712816611864,1.8807912817287053e-09,2.220446049250313e-16,0.9896804790138745,1.0081840434505687,0.019686785789405917,0.9020419029374166,0.9972876192874819,0.0,3.469446951953614e-18,True
2,84,0.65625,1.65625,0.15555702330196022,-0.5224277651385659,0.09694601821186966,0.07758102479554393,0.06793433973799332,0.015070521100810894,5.1741240743312436e-05,1.333437962855316e-06,0.5068648226667452,1.0458270263067466e-08,1.727850846081403e-06,2,1.3556071851847153e-06,42.153690297855064,1.726416146015612e-09,5.551115123125783e-16,0.9898848504133914,1.0080292176628562,0.020138127251011783,0.9041580893028236,0.9973454281896587,0.0,3.469446951953614e-18,True
2,85,0.6640625,1.6640625,0.1514102744193222,-0.5389267799901278,0.09490029758508967,0.07562994023602045,0.06626055673350283,0.013183912840284709,4.972701901314778e-05,1.1385789112022082e-06,0.5075155322099645,8.929973722724762e-09,1.7367808198041278e-06,2,1.2520741426606468e-06,39.72714589792304,1.681213969005022e-09,1.1102230246251565e-16,0.9900977769248792,1.0078678578076505,0.02061131037905878,0.9063636401008794,0.9974054798598263,0.0,3.469446951953614e-18,True
2,86,0.671875,1.671875,0.1471396736825998,-0.5541274730242828,0.09276044293348407,0.07360793371228182,0.06452518487165486,0.011303734262868655,4.767804225558243e-05,9.534600323924017e-07,0.5081110493127264,7.478070207661196e-09,1.744258890011789e-06,2,1.1455018470818229e-06,42.703687007771805,1.5237120409689328e-09,4.440892098500626e-16,0.9903188897683701,1.0077002371774444,0.021105668404689425,0.9086551129165716,0.9974676453416347,0.0,3.469446951953614e-18,True
2,87,0.6796875,1.6796875,0.14275550934302825,-0.5679932244400878,0.09052889707173373,0.07151901816210739,0.06273140939031262,0.009439290591580884,4.560275818248652e-05,7.799500756480854e-07,0.5086497052641691,6.117216481043542e-09,1.7503761064928325e-06,2,1.0360559835900682e-06,39.229417382972315,1.3227273835929406e-09,2.220446049250313e-16,0.9905477916878933,1.0075266497176232,0.02162041029656657,0.9110287719729078,0.997531787703057,0.0,3.469446951953614e-18,True
2,88,0.6875,1.6875,0.13826834323650902,-0.5804906304278861,0.08820853299927045,0.06936747113836875,0.06088262152503126,0.007599423336146106,4.350969730617507e-05,6.198562112901657e-07,0.509129939112963,4.86158633734438e-09,1.7552376928301769e-06,2,9.239158374242015e-07,38.7831830480136,1.2211719001133897e-09,0.0,0.9907840564951208,1.007347410562495,0.022154616649510822,0.9134805767051343,0.997597762234172,0.0,3.469446951953614e-18,True
2,89,0.6953125,1.6953125,0.133688985339222,-0.5915895836420095,0.08580267516827567,0.06715782860027739,0.058982418650346376,0.005792447412458121,4.14074161739874e-05,4.7490496521597165e-07,0.5095503041538432,3.7247210697872073e-09,1.758962413899964e-06,2,8.092748780869342e-07,40.25364009314217,1.0423937970526727e-09,3.3306690738754696e-16,0.9910272288639028,1.007162856379256,0.02270723725304838,0.9160061719161925,0.9976654167648491,0.0,3.469446951953614e-18,True
2,90,0.703125,1.703125,0.12902846772544627,-0.6012633457320115,0.08331511670366354,0.06489487620894692,0.0570346031242481,0.004026095647187361,3.930443781594769e-05,3.4672287776039993e-07,0.5099094743961761,2.7193777761075426e-09,1.7616817916760715e-06,2,6.923383247281923e-07,37.57417048397474,8.872589806055123e-10,0.0,0.9912768242849829,1.0069733456093575,0.02327709059222974,0.9186008798901416,0.9977345920557829,0.0,3.469446951953614e-18,True
2,91,0.7109375,1.7109375,0.12429801799032641,-0.609488611757696,0.08075013210164317,0.0625836380508406,0.05504317977192399,0.002307471132641066,3.7209190254148e-05,2.3681714158294655e-07,0.5102062509691049,1.8573774998112966e-09,1.7635391691758828e-06,2,5.733428444431068e-07,38.25506783998571,7.353258288323266e-10,2.220446049250313e-16,0.9915323293242647,1.006779258595923,0.023862865352641715,0.921259694794439,0.9978051223939843,0.0,3.469446951953614e-18,True
2,92,0.71875,1.71875,0.11950903220161287,-0.6162455663327587,0.07811248500606938,0.06022936333126947,0.05301235213379723,0.0006430077710125066,3.5129943371400754e-05,1.465564547821701e-07,0.5104395684034226,1.1494550594817058e-09,1.7646886242353645e-06,2,4.525753000519299e-07,37.54675593110733,5.809559961287162e-10,2.220446049250313e-16,0.9917932020293443,1.0065809974941153,0.024463123984296686,0.9239772797202189,0.997876836017945,0.0,3.469446951953614e-18,True
2,93,0.7265625,1.7265625,0.11467304744553625,-0.6215179313617893,0.07540743074589151,0.057837510985226104,0.05094651734437526,-0.0009615607817052797,3.307474531006468e-05,7.715239868533665e-08,0.5106085007387999,6.051129931590464e-10,1.7652937372285235e-06,2,3.304525280044023e-07,38.67373055801727,4.241137237271349e-10,1.1102230246251565e-16,0.9920588726545173,1.0063789860293828,0.02507630833426508,0.9267479666356988,0.9979495558490676,0.0,3.469446951953614e-18,True
2,94,0.734375,1.734375,0.10980171403295605,-0.625293005255628,0.07264071341967093,0.055413732720320075,0.04885025971181403,-0.0025012236905185485,3.1051359118596864e-05,2.9641629064296867e-08,0.5107122674001903,2.3248188249287505e-10,1.7655262191110164e-06,2,2.0788508515024139e-07,37.30836040806025,2.6797719809784144e-10,2.220446049250313e-16,0.9923287445860073,1.0061736690829992,0.02570074731181993,0.929565759519374,0.9980231001276931,0.0,3.469446951953614e-18,True
2,95,0.7421875,1.7421875,0.10490676743274181,-0.6275616935306071,0.06981855547250204,0.05296405745969232,0.046728532365759926,-0.003971707078632146,2.906624743068106e-05,4.858962027359966e-09,0.5107502005387548,3.8109263044614845e-11,1.765564328374061e-06,1,8.340595934889425e-05,25.226372865960002,1.1079665378464154e-07,2.220446049250313e-16,0.9926023023554928,1.0059654239864482,0.026334683063103135,0.932424341172815,0.9980972586373966,0.0,3.469446951953614e-18,True
2,96,0.75,1.75,0.10000000000000003,-0.6283185307179586,0.06694765446491624,0.05049365574350005,0.044585551133318586,-0.005369479890395752,2.7129979359670103e-05,3.4668752094858873e-09,0.5107219289403988,2.7191004695471632e-11,1.7655915193787564e-06,1,7.045217971257345e-05,24.232842703117058,9.982294632931214e-08,0.0,0.9928785378805581,1.0057550731191829,0.026976304466754822,0.9353170818127,0.9981718505240671,0.0,3.469446951953614e-18,True
2,97,0.7578125,1.7578125,0.09509323256725824,-0.6275616935306071,0.06403513859362597,0.048009860815597376,0.04242742927121233,-0.006691751752262338,2.524413741456782e-05,2.5871641124557356e-08,0.5106270507909297,2.0291353821235516e-10,1.7657944329169689e-06,2,1.8335166317013364e-07,37.87628945009783,2.7718556211406646e-10,1.1102230246251565e-16,0.9931572256536009,1.0055426368761275,0.02762340062804209,0.938237054839667,0.99824680705152,0.0,3.469446951953614e-18,True
2,98,0.765625,1.765625,0.09019828596704399,-0.625293005255628,0.06108857247935506,0.045518093837330895,0.04025876956819945,-0.007936463206038007,2.34178060461529e-05,7.225022932159695e-08,0.510465444944076,5.666648512059491e-10,1.7663610977681748e-06,2,3.090293231482805e-07,37.384299381868914,4.2541515702594977e-10,4.440892098500626e-16,0.9934374456357931,1.0053289437542738,0.028274259545035,0.9411770527450756,0.998321763602983,0.0,3.469446951953614e-18,True
2,99,0.7734375,1.7734375,0.08532695255446382,-0.6215179313617893,0.05811590665021138,0.04302488479343379,0.038085101196345235,-0.009102268772481367,2.1655748304390598e-05,1.4255386991471125e-07,0.510237134074942,1.1180624372067673e-09,1.7674791602053816e-06,2,4.363653071356109e-07,38.76165525894612,5.713375632978398e-10,2.220446049250313e-16,0.9937185302412043,1.005114457958133,0.028926716248905953,0.9441296073084473,0.9983965915260071,0.0,3.469446951953614e-18,True
2,100,0.78125,1.78125,0.08049096779838717,-0.6162455663327588,0.05512545083151921,0.040536636146587104,0.035911924955276064,-0.010188513377580274,1.9962822498172082e-05,2.3647965207557e-07,0.5099423137132416,1.8547305401642998e-09,1.769333890745546e-06,2,5.641250505201783e-07,38.88570145517588,7.283252824244014e-10,1.1102230246251565e-16,0.9939997542908574,1.0048997311810615,0.02957867705229905,0.9470870142068429,0.998470270749053,0.0,3.469446951953614e-18,True
2,101,0.7890625,1.7890625,0.07570198200967362,-0.609488611757696,0.05212583454949382,0.03805980607208339,0.03374484841265135,-0.011195202731223137,1.8343246075786592e-05,3.5347301502231697e-07,0.5095813550849373,2.7723196914902013e-09,1.7721062104370362e-06,2,6.91766241216854e-07,37.910609593149275,8.943907690223571e-10,2.220446049250313e-16,0.9942803784977483,1.0046853277446097,0.030228030922540273,0.9500413598614325,0.998539866727876,0.0,3.469446951953614e-18,True
2,102,0.796875,1.796875,0.0709715322745538,-0.6012633457320116,0.04912596530306235,0.03560088955577191,0.03158956958200293,-0.012122968290916808,1.6800567937029533e-05,4.927267749628349e-07,0.5091548073527434,3.864499078289397e-09,1.7759707095153255e-06,2,8.188970931510977e-07,37.940919595072046,1.1278862181270468e-09,1.1102230246251565e-16,0.9945596520141815,1.0044718226636737,0.030872665855653438,0.9529845513400546,0.9986089165402172,0.0,3.469446951953614e-18,True
2,103,0.8046875,1.8046875,0.06631101466077804,-0.5915895836420095,0.046134983751867975,0.033166400066019903,0.02945185945026304,-0.012973027471761957,1.5337648704421315e-05,6.531832211180037e-07,0.5086633992261842,5.122972982653645e-09,1.781093682497979e-06,2,9.451693945860939e-07,40.68346471199766,1.2673449795925213e-09,0.0,0.9948368150701994,1.0042597995235365,0.031510484951302715,0.9559083488000744,0.9986772381124008,0.0,3.469446951953614e-18,True
2,104,0.8125,1.8125,0.061731656763490995,-0.5804906304278861,0.04316221649994256,0.03076285195068473,0.02733754344417298,-0.013747139778638985,1.395664925948672e-05,8.335393913894539e-07,0.5081080399103317,6.537522159183447e-09,1.7876312046571626e-06,2,1.0702522948330411e-06,40.11971918097697,1.4156164575920765e-09,0.0,0.9951111017757166,1.0040498482607152,0.03213942185896509,0.9588044001152846,0.9987446505878296,0.0,3.469446951953614e-18,True
2,105,0.8203125,1.8203125,0.05724449065697179,-0.5679932244400879,0.040217127061568214,0.028396743524733137,0.02525248175580848,-0.01444755953872838,1.265902813572091e-05,1.032255546729069e-06,0.5074898193784114,8.096070300207718e-09,1.7957272749573703e-06,2,1.1938166706820329e-06,41.20050773094408,1.6228726631404384e-09,4.440892098500626e-16,0.9953817429605444,1.0038425628253547,0.03275745538369164,0.9616642773139795,0.9988109743724499,0.0,3.469446951953614e-18,True
2,106,0.828125,1.828125,0.052860326317400244,-0.5541274730242828,0.03730926557726344,0.026074540880436037,0.023202548747302463,-0.015076985903478503,1.1445547653101672e-05,1.2475668794697481e-06,0.5068100079438104,9.784775865242916e-09,1.8055120508226132e-06,2,1.3155334460891093e-06,42.606937248958275,1.6931684920670858e-09,1.1102230246251565e-16,0.9956479691068291,1.003638538723629,0.033362622882888195,0.9644795144275863,0.9988760322083049,0.0,3.469446951953614e-18,True
2,107,0.8359375,1.8359375,0.048589725580677846,-0.538926779990128,0.034448217835792216,0.023802662618894996,0.021193611424579366,-0.01563851077051485,1.0316288955239955e-05,1.477498400896277e-06,0.5060700551164371,1.1588148845510897e-08,1.817100199668124e-06,2,1.4350758563771987e-06,41.28695187391713,1.867604903126878e-09,2.220446049250313e-16,0.9959090133583738,1.0034383705307597,0.0339530323046214,0.9672416463629051,0.9989396495121986,0.0,3.469446951953614e-18,True
2,108,0.84375,1.84375,0.044442976698039816,-0.522427765138566,0.03164355411554998,0.021587465620170568,0.01923150699874091,-0.01613556524943147,9.27067604866e-06,1.7198828660163036e-06,0.5052715877422823,1.3489191349480206e-08,1.8305893910176041e-06,2,1.552109178455433e-06,41.78300342801958,1.995991998928779e-09,0.0,0.9961641145266502,1.00324264934313,0.03452687276309789,0.9699422483850086,0.9990016548265958,0.0,3.469446951953614e-18,True
2,109,0.8515625,1.8515625,0.04043006955075671,-0.5046701760415175,0.028904778319288726,0.019435232509138298,0.017322019877046815,-0.016571865262574967,8.307508129942238e-06,1.9723816853001414e-06,0.5044164074043685,1.5469561615466446e-08,1.8460589526330707e-06,2,1.6663047743154548e-06,43.17613736097701,2.1386505430611483e-09,1.1102230246251565e-16,0.9964125201728442,1.0030519601458703,0.03508242333720756,0.9725729758541917,0.9990618804843732,0.0,3.469446951953614e-18,True
2,110,0.859375,1.859375,0.03656067158363544,-0.4856967922864979,0.02624127783328023,0.01735216166875193,0.015470857903601191,-0.016951356834441527,7.425000429272303e-06,2.2325084958685364e-06,0.5035064870991792,1.750975888251318e-08,1.8635687115155838e-06,2,1.7773286875248933e-06,42.37877694587223,2.2895022759807722e-09,4.440892098500626e-16,0.9966534896501984,1.0028668792973623,0.03561806027794147,0.9751256038298163,0.9991171923895493,0.0,3.469446951953614e-18,True
2,111,0.8671875,1.8671875,0.03284410451529817,-0.4655533224168459,0.023662274491474844,0.015346767137356323,0.01368362828639609,-0.017278161582640797,6.620832525451838e-06,2.4976552657123014e-06,0.5025439671778916,1.9589328128065022e-08,1.8831580396436489e-06,2,1.8848501538828674e-06,42.415883177891374,2.4422580793185015e-09,2.220446049250313e-16,0.9968862971790624,1.0026879718792538,0.03613226237274871,0.9775920662288148,0.9991658441628155,0.0,3.469446951953614e-18,True
2,112,0.875,1.875,0.029289321881345268,-0.44428829381583673,0.021176776973495737,0.0134271009076795,0.011965813190574812,-0.01755652288088707,5.892203817368826e-06,2.7651205643941376e-06,0.5015311505632848,2.168708179754727e-08,1.9048451214411962e-06,2,1.9885379994551133e-06,43.4401768790558,2.5723229532446203e-09,0.0,0.997110234900303,1.0025157892114067,0.036623614645113,0.9799644942132242,0.9992118043820076,0.0,3.469446951953614e-18,True
2,113,0.8828125,1.8828125,0.025904887464504114,-0.4219529357999667,0.018793534922914135,0.011595107304478365,0.010322745280225148,-0.017790753121322736,5.235895271227116e-06,3.032139694613032e-06,0.5004704972505069,2.378133612885379e-08,1.92862645757005e-06,2,2.0880653955899338e-06,44.76113012107089,2.6660955312941016e-09,0.0,0.9973246158309789,1.0023508663164857,0.037090810367941526,0.9822352535582293,0.9992345187034595,0.0,3.469446951953614e-18,True
2,114,0.890625,1.890625,0.022698954663726335,-0.3986010562030424,0.01652099502167903,0.009856981492015592,0.008759583459098027,-0.017985182460649625,4.648336589705212e-06,3.2959163040070544e-06,0.49936461810557153,2.58501590864744e-08,1.954476616656524e-06,2,2.1838320512570458e-06,43.22235347493552,4.542577472646973e-09,4.440892098500626e-16,0.9975287768933794,1.002193719552893,0.037532651551529427,0.9843969807013421,0.9992563136667292,0.0,3.469446951953614e-18,True
2,115,0.8984375,1.8984375,0.019679246851935495,-0.3742889117483955,0.014367259974145896,0.008219187400714974,0.007281340312341416,-0.018144109392880407,4.125683219815961e-06,3.5536517857941187e-06,0.49821626847862477,2.787160095328551e-08,1.98234821760981e-06,2,2.2752251332379026e-06,46.67711842316203,2.8963525947229598e-09,5.551115123125783e-16,0.9977220810580273,1.002044839790854,0.037947681228647355,0.986442616428378,0.9992771378588171,0.0,3.469446951953614e-18,True
2,116,0.90625,1.90625,0.016853038769745476,-0.3490750725215103,0.012340053184925592,0.00668653923548431,0.005894016854197662,-0.01827175350494519,3.6645421590860945e-06,3.8021640670850662e-06,0.49702840327014547,2.982070445403414e-08,2.012168922063844e-06,2,2.360236080903292e-06,43.55140880611725,3.1204735924967704e-09,0.0,0.9979036306955058,1.0019047871911857,0.03832898391130208,0.9883653985496621,0.999297137843668,0.0,3.469446951953614e-18,True
2,117,0.9140625,1.9140625,0.0142271389999728,-0.3230202808695557,0.010446887694438023,0.005261816625111096,0.004616560389281305,-0.018372210551639227,3.2606303726349624e-06,4.038702892487153e-06,0.4958041084348298,3.1675899095760035e-08,2.043844821159604e-06,2,2.4402501960654633e-06,59.59590136096813,3.2229522449007105e-09,2.220446049250313e-16,0.9980730056291065,1.001771354030265,0.038564115668455974,0.9901588234170424,0.9993165868065688,0.0,3.469446951953614e-18,True
2,118,0.921875,1.921875,0.011807873565164518,-0.2961873050677512,0.008694432803931007,0.003972188313352219,0.003476166301058436,-0.018449410366572744,2.9109958959491256e-06,4.2596008769292215e-06,0.4945467373100669,3.34084212574322e-08,2.0772532424170363e-06,2,2.5208225506254474e-06,48.03483603405766,3.2984675974073928e-09,4.440892098500626e-16,0.9982286625990691,1.0016478426981865,0.038654122791825396,0.9918170166947828,0.9993349510577878,0.0,3.469446951953614e-18,True
2,119,0.9296875,1.9296875,0.009601070687655689,-0.2686407881050946,0.007088965888726095,0.0028291239549185815,0.0024439217579830725,-0.018507076801764166,2.6085588690287962e-06,4.4643831874827335e-06,0.49325946545294813,3.501454678297094e-08,2.1122677892000074e-06,2,2.5881034979229954e-06,46.46521264594048,3.328719097251821e-09,0.0,0.998371556102143,1.001534727914229,0.03873692685630211,0.993334613115656,0.9993518471706119,0.0,3.469446951953614e-18,True
2,120,0.9375,1.9375,0.0076120467488713485,-0.2404470919537389,0.005636330901525599,0.0018098904868591335,0.0015051885347699965,-0.018548691478359042,2.349427299914697e-06,4.650771961945624e-06,0.49194557298042385,3.647641020041883e-08,2.148744199400426e-06,2,2.648177708227243e-06,45.58920481498353,3.39749252607887e-09,0.0,0.9985012103742157,1.0014321350366273,0.03881227724418805,0.9947065270416734,0.9993671481322159,0.0,3.469446951953614e-18,True
2,121,0.9453125,1.9453125,0.00584559348169792,-0.21167413769718815,0.004341882786379037,0.0009252124176060233,0.000683370804270517,-0.018577460642544067,2.1296109224222403e-06,4.816913225712796e-06,0.4906084024731542,3.7779470625220265e-08,2.1865236700256463e-06,2,2.70319058509416e-06,46.671485527884215,3.782047797715058e-09,0.0,0.998617339042629,1.0013391181481375,0.03888026435212383,0.9959280894805105,0.9993802154203285,0.0,3.469446951953614e-18,True
2,122,0.953125,1.953125,0.004305966426779118,-0.1823912419024607,0.003210299766269409,0.0005336522115740409,0.00045290062259252474,-0.01859628517668494,1.9459799291888752e-06,4.960587035480824e-06,0.48925142622325296,3.890631684839295e-08,2.2254299868740394e-06,2,2.75080017170155e-06,46.33967882418074,3.5469090359286186e-09,1.1102230246251565e-16,0.9987194280111004,1.0012571826766248,0.038940085940614225,0.9969952166810256,0.999392238691212,0.0,3.469446951953614e-18,True
2,123,0.9609375,1.9609375,0.0029968746805456026,-0.1526689496304042,0.0022457098288722888,0.0009867031176366058,0.0008320089775645234,-0.018607733796286014,1.7952781352052534e-06,5.080165185894368e-06,0.48787818664772237,3.984417871330103e-08,2.26527416558734e-06,2,2.7920517683934064e-06,44.79664954193868,3.5464436081577056e-09,3.3306690738754696e-16,0.9988072568750591,1.0011863407166397,0.03899175517167778,0.9979043427250114,0.9994027914292215,0.0,3.469446951953614e-18,True
2,124,0.96875,1.96875,0.0019214719596769682,-0.12257886448646742,0.0014516154599945041,0.0014413127767593371,0.0013340064489663732,-0.018614019806800882,1.6747786740274995e-06,5.1740836141741205e-06,0.48649230835816554,4.058078913912726e-08,2.3058549547264676e-06,2,2.82618538903807e-06,51.095144289080054,3.9618613343102936e-09,0.0,0.9988801598406946,1.0011274543356745,0.039034830634959994,0.9986524116247878,0.999411708420809,0.0,3.469446951953614e-18,True
2,125,0.9765625,1.9765625,0.0010823490035219098,-0.09219347612134225,0.0008309262156291908,0.001866769765664634,0.0017299357425544885,-0.018616981219967414,1.5820100900579962e-06,5.2412041014197966e-06,0.48509746820996313,4.1107220975746905e-08,2.3469621757022147e-06,2,2.8528894944122997e-06,46.60828680312261,3.7064319243855907e-09,3.3306690738754696e-16,0.9989378611282403,1.001086584837153,0.03906912730449787,0.9992368952822122,0.9994189769805929,0.0,3.469446951953614e-18,True
2,126,0.984375,1.984375,0.00048152733278030715,-0.06158598559704542,0.0003859236110961284,0.002169983684993046,0.001996509775099647,-0.018618064452792252,1.5149480619722795e-06,5.280706212800487e-06,0.4836973806137023,4.141703948121107e-08,2.388379215183426e-06,2,2.8724499956167764e-06,45.43932475405745,3.760967901644591e-09,2.220446049250313e-16,0.9989801607421506,1.0010593205415586,0.03909454129116398,0.9996558097992272,0.9994245869363702,0.0,3.469446951953614e-18,True
2,127,0.9921875,1.9921875,0.0001204543794827595,-0.030830129039150635,0.00011351253309543896,0.0023501146773513473,0.002164294075228903,-0.018618311627291908,1.4720733241505477e-06,5.292077432812169e-06,0.4822957853321444,4.150622495171345e-08,2.4298854401351394e-06,2,2.884259952681776e-06,43.72329717990942,3.619694113930181e-09,0.0,0.9990068392859248,1.0010416557936914,0.039110818472395496,0.9998813684050055,0.9994285122663557,0.0,3.469446951953614e-18,True
2,128,1.0,2.0,0.0,-1.5389365549774318e-16,2.2213099269641212e-05,0.002405705802381697,0.0022137681196089825,-0.018618351487398266,1.4523875818745363e-06,5.2751476782917555e-06,0.4808964327091353,4.1373443410169016e-08,2.4712588835453084e-06,2,2.8883592195608956e-06,45.79570591682568,3.620816329582362e-09,4.440892098500626e-16,0.9990178506476417,1.0010336000132707,0.03911799242079009,0.9999451349979043,0.9994307659763747,0.0,3.469446951953614e-18,True
