phase,field,summary,T32,T64,T128,T32_T64_difference,T64_T128_difference,gate,gate_applicable,passed_T64_T128
0.0,ecm_displacement,normalized_l2,,,,0.0,0.0,0.05,True,True
0.0,ecm_displacement,absolute_p95,0.0,0.0,0.0,0.0,0.0,0.05,True,True
0.0,ecm_dissipation_density,normalized_l2,,,,0.0,0.0,0.05,True,True
0.0,ecm_dissipation_density,absolute_p95,0.0,0.0,0.0,0.0,0.0,0.05,True,True
0.0,ecm_equilibrium_energy_density,normalized_l2,,,,0.0061944789351099485,0.0029699567345763955,0.05,True,True
0.0,ecm_equilibrium_energy_density,absolute_p95,1.4821901012938126e-05,1.4914665616620792e-05,1.4959150774011862e-05,0.006219690475614195,0.0029737755881405047,0.05,True,True
0.0,ecm_internal_z,normalized_l2,,,,0.00315038108125049,0.00149990466063777,0.05,True,True
0.0,ecm_internal_z,absolute_p95,0.01727666096519742,0.017331551056410904,0.017357858165947843,0.003167061680447773,0.0015155734817874486,0.05,True,True
0.0,ecm_jacobian,normalized_l2,,,,6.117647308900999e-07,3.094385257712138e-07,0.05,True,True
0.0,ecm_jacobian,absolute_p95,1.0002869522242919,1.0002879056095657,1.00028838843643,9.53110867873193e-07,4.826876627272557e-07,0.05,True,True
0.0,ecm_max_principal_cauchy_stress,normalized_l2,,,,0.003209922680216679,0.0016116244313843487,0.05,True,True
0.0,ecm_max_principal_cauchy_stress,absolute_p95,0.00829230887264659,0.008318881135565604,0.0083320032255911,0.00319421115484024,0.0015749021778091836,0.05,True,True
0.0,ecm_max_principal_green_lagrange_strain,normalized_l2,,,,0.0030938662908215698,0.0014548692182710457,0.05,True,True
0.0,ecm_max_principal_green_lagrange_strain,absolute_p95,0.0019647497150083798,0.0019708392163329067,0.0019737075980587344,0.0030898011740691563,0.0014532961866534258,0.05,True,True
0.0,ecm_viscoelastic_energy_density,normalized_l2,,,,0.006366926522681218,0.003063462463487278,0.05,True,True
0.0,ecm_viscoelastic_energy_density,absolute_p95,6.201827933740785e-05,6.24178513597135e-05,6.261114711656286e-05,0.0064015664365459505,0.003087241901022752,0.05,True,True
0.0,endocardial_displacement,normalized_l2,,,,0.0,0.0,0.05,True,True
0.0,endocardial_displacement,absolute_p95,0.0,0.0,0.0,0.0,0.0,0.05,True,True
0.0,jelly_endocardium_normal_traction,normalized_l2,,,,0.0033031573063579357,0.0015942221753151415,0.05,True,True
0.0,jelly_endocardium_normal_traction,absolute_p95,3.0528576329750036e-06,3.0614326294330804e-06,3.066847185765275e-06,0.00280097506495342,0.0017655122685363367,0.05,True,True
0.0,jelly_endocardium_tangential_traction,normalized_l2,,,,0.0029644024232901426,0.0013738773164024397,0.05,True,True
0.0,jelly_endocardium_tangential_traction,absolute_p95,0.00036350838572142053,0.0003646125126344195,0.00036513328716037465,0.003028220027396673,0.0014262586958455276,0.05,True,True
0.0,jelly_endocardium_traction_magnitude,normalized_l2,,,,0.0030082826255767026,0.0014027019393852362,0.05,True,True
0.0,jelly_endocardium_traction_magnitude,absolute_p95,0.0004123374135694519,0.0004136578405447138,0.00041429896107487074,0.003192075299535359,0.0015474828333954611,0.05,True,True
0.0,myocyte_displacement,normalized_l2,,,,0.0,0.0,0.05,True,True
0.0,myocyte_displacement,absolute_p95,0.0,0.0,0.0,0.0,0.0,0.05,True,True
0.0,myocyte_jelly_normal_traction,normalized_l2,,,,0.003232576890533955,0.0015547206280178139,0.05,True,True
0.0,myocyte_jelly_normal_traction,absolute_p95,5.5500648099675124e-05,5.566399491709043e-05,5.570477972263903e-05,0.0029345148090539684,0.0007321598927716933,0.05,True,True
0.0,myocyte_jelly_tangential_traction,normalized_l2,,,,0.0031139625712103816,0.0014926663433959056,0.05,True,True
0.0,myocyte_jelly_tangential_traction,absolute_p95,0.0023161886310881824,0.0023234060670777913,0.002326872953712552,0.003106403177592825,0.0014899337882754158,0.05,True,True
0.0,myocyte_jelly_traction_magnitude,normalized_l2,,,,0.003114650647456048,0.0014930083325348177,0.05,True,True
0.0,myocyte_jelly_traction_magnitude,absolute_p95,0.0023161886310881824,0.0023234060670777913,0.002326872953712552,0.003106403177592825,0.0014899337882754158,0.05,True,True
0.25,ecm_displacement,normalized_l2,,,,0.0005319142352993064,0.00025972627003726154,0.05,True,True
0.25,ecm_displacement,absolute_p95,0.010825290472323236,0.010824542893291423,0.010824161129778435,6.905856556218915e-05,3.526832650129695e-05,0.05,True,True
0.25,ecm_dissipation_density,normalized_l2,,,,0.0033613158777333276,0.0012702525573231075,0.05,True,True
0.25,ecm_dissipation_density,absolute_p95,6.364008199530371e-07,6.34123717914605e-07,6.332524830552682e-07,0.0035780941303629366,0.001373919370500619,0.05,True,True
0.25,ecm_equilibrium_energy_density,normalized_l2,,,,8.950648344141004e-05,5.235861093725636e-05,0.05,True,True
0.25,ecm_equilibrium_energy_density,absolute_p95,0.0002911360883925287,0.00029111497591454046,0.00029110160176238156,7.251755735544802e-05,4.594113414083465e-05,0.05,True,True
0.25,ecm_internal_z,normalized_l2,,,,0.0002707519409440832,0.00012971707040619157,0.05,True,True
0.25,ecm_internal_z,absolute_p95,0.016447938344695295,0.016444806357197646,0.01644276851985831,0.00019041824160653565,0.00012391981365257596,0.05,True,True
0.25,ecm_jacobian,normalized_l2,,,,9.438551634205174e-08,3.729094677464534e-08,0.05,True,True
0.25,ecm_jacobian,absolute_p95,1.0016579342133867,1.0016578161340968,1.00165776922435,1.1788384623948778e-07,4.68321077299099e-08,0.05,True,True
0.25,ecm_max_principal_cauchy_stress,normalized_l2,,,,7.800376044224984e-05,3.094127968683231e-05,0.05,True,True
0.25,ecm_max_principal_cauchy_stress,absolute_p95,0.05351390921487612,0.05351069055037652,0.053509522714781446,6.0146316104032825e-05,2.1824341698154156e-05,0.05,True,True
0.25,ecm_max_principal_green_lagrange_strain,normalized_l2,,,,4.199634440873764e-05,2.6968915110641605e-05,0.05,True,True
0.25,ecm_max_principal_green_lagrange_strain,absolute_p95,0.007982283198569468,0.007982116933624933,0.007981952905852423,2.0829246519870293e-05,2.0549407365786333e-05,0.05,True,True
0.25,ecm_viscoelastic_energy_density,normalized_l2,,,,0.00479323978841727,0.0026827864709191474,0.05,True,True
0.25,ecm_viscoelastic_energy_density,absolute_p95,6.26521593032914e-07,6.291857277806246e-07,6.307828635095496e-07,0.004234258073697763,0.0025319897247031357,0.05,True,True
0.25,endocardial_displacement,normalized_l2,,,,0.0004251769246126261,0.00020607840314825732,0.05,True,True
0.25,endocardial_displacement,absolute_p95,0.007087505781376582,0.007089942107088771,0.007091129468619769,0.0003436312561357624,0.00016744321708579292,0.05,True,True
0.25,jelly_endocardium_normal_traction,normalized_l2,,,,5.3175152228704785e-05,2.832097798076124e-05,0.05,True,True
0.25,jelly_endocardium_normal_traction,absolute_p95,1.4718822826002534e-05,1.4717287731521682e-05,1.4717582545180947e-05,0.00010429465039422647,2.003139159305261e-05,0.05,True,True
0.25,jelly_endocardium_tangential_traction,normalized_l2,,,,4.6416400285198994e-05,2.632719719221714e-05,0.05,True,True
0.25,jelly_endocardium_tangential_traction,absolute_p95,0.0013189646221231051,0.0013189503459232316,0.0013189222689299284,1.0823792870609951e-05,2.1287377034334094e-05,0.05,True,True
0.25,jelly_endocardium_traction_magnitude,normalized_l2,,,,4.872365748235371e-05,2.6920892121405158e-05,0.05,True,True
0.25,jelly_endocardium_traction_magnitude,absolute_p95,0.0014033870681195752,0.0014033611667247016,0.001403330004232451,1.8456344270173673e-05,2.220561106407882e-05,0.05,True,True
0.25,myocyte_displacement,normalized_l2,,,,2.2500282462828665e-06,1.1012749525146802e-06,0.05,True,True
0.25,myocyte_displacement,absolute_p95,0.03860373973261557,0.03860360252455436,0.0386035353227021,3.5542686320477025e-06,1.740818158455941e-06,0.05,True,True
0.25,myocyte_jelly_normal_traction,normalized_l2,,,,2.101180299635055e-05,1.0820447085566492e-05,0.05,True,True
0.25,myocyte_jelly_normal_traction,absolute_p95,0.0067457505125083,0.0067457652673532835,0.006745757853920787,2.1872751865883954e-06,1.0989757577593017e-06,0.05,True,True
0.25,myocyte_jelly_tangential_traction,normalized_l2,,,,8.489657797360286e-06,5.967204178906753e-06,0.05,True,True
0.25,myocyte_jelly_tangential_traction,absolute_p95,0.04751545547246215,0.04751581480656089,0.04751607106140859,7.562410540637514e-06,5.393014236476209e-06,0.05,True,True
0.25,myocyte_jelly_traction_magnitude,normalized_l2,,,,8.588911399288496e-06,6.000991124489191e-06,0.05,True,True
0.25,myocyte_jelly_traction_magnitude,absolute_p95,0.047975230354359875,0.047975586629913976,0.047975841091792856,7.426184422687006e-06,5.303958681904961e-06,0.05,True,True
0.5,ecm_displacement,normalized_l2,,,,0.0003964090441126177,0.00019751371062246386,0.05,True,True
0.5,ecm_displacement,absolute_p95,0.02135643581871843,0.02135333510203931,0.021351737629582063,0.00014518886510096068,7.481137956259529e-05,0.05,True,True
0.5,ecm_dissipation_density,normalized_l2,,,,0.0020977608594898015,0.0009410622069810199,0.05,True,True
0.5,ecm_dissipation_density,absolute_p95,5.3821911368389175e-05,5.370662218443895e-05,5.365514433184367e-05,0.0021420492327208027,0.00095850102839262,0.05,True,True
0.5,ecm_equilibrium_energy_density,normalized_l2,,,,0.0006105163072703696,0.0003200217573039838,0.05,True,True
0.5,ecm_equilibrium_energy_density,absolute_p95,0.0008277664360907746,0.0008272633600941791,0.000826997156216516,0.0006077511417003706,0.0003217885506652764,0.05,True,True
0.5,ecm_internal_z,normalized_l2,,,,0.002480968889419342,0.0013040178105150166,0.05,True,True
0.5,ecm_internal_z,absolute_p95,0.017596915912391913,0.017552720246551284,0.017529597150441778,0.00251155748317843,0.0013173511447064073,0.05,True,True
0.5,ecm_jacobian,normalized_l2,,,,5.806812689977153e-07,2.9060578027670165e-07,0.05,True,True
0.5,ecm_jacobian,absolute_p95,1.0029392577225922,1.0029387145225759,1.0029384458246886,5.41608090538083e-07,2.679105745771997e-07,0.05,True,True
0.5,ecm_max_principal_cauchy_stress,normalized_l2,,,,0.0002737713225981868,0.00013702662716737066,0.05,True,True
0.5,ecm_max_principal_cauchy_stress,absolute_p95,0.0936469695369399,0.09361747244338227,0.09360264013266462,0.0003149818269987027,0.00015843528275795514,0.05,True,True
0.5,ecm_max_principal_green_lagrange_strain,normalized_l2,,,,0.000370266623278309,0.0001987291896782787,0.05,True,True
0.5,ecm_max_principal_green_lagrange_strain,absolute_p95,0.013313314235566217,0.01330859648499304,0.013306067913225385,0.00035436334557284525,0.0001899953740805963,0.05,True,True
0.5,ecm_viscoelastic_energy_density,normalized_l2,,,,0.005731231647181209,0.0029706294734921806,0.05,True,True
0.5,ecm_viscoelastic_energy_density,absolute_p95,5.298640195512045e-05,5.328840289538194e-05,5.344589478806261e-05,0.005667292015757956,0.0029467537835261856,0.05,True,True
0.5,endocardial_displacement,normalized_l2,,,,0.0002326771086949959,0.00011338531743757419,0.05,True,True
0.5,endocardial_displacement,absolute_p95,0.014084009321199496,0.01408599396432056,0.01408695530243565,0.00014089478712628613,6.824314370632709e-05,0.05,True,True
0.5,jelly_endocardium_normal_traction,normalized_l2,,,,0.00024042039565965232,0.00012509528890848555,0.05,True,True
0.5,jelly_endocardium_normal_traction,absolute_p95,2.4169035705211132e-05,2.4162324655281296e-05,2.4159852525282096e-05,0.0002776713978865342,0.0001023134170436676,0.05,True,True
0.5,jelly_endocardium_tangential_traction,normalized_l2,,,,0.0003502318812980253,0.00018872138446385586,0.05,True,True
0.5,jelly_endocardium_tangential_traction,absolute_p95,0.0021945747598074035,0.002193803027719632,0.0021933847421265764,0.0003516544990425905,0.00019066688657566716,0.05,True,True
0.5,jelly_endocardium_traction_magnitude,normalized_l2,,,,0.0003139852618692494,0.00016790759587883465,0.05,True,True
0.5,jelly_endocardium_traction_magnitude,absolute_p95,0.002359312797282868,0.0023584994296753036,0.0023580628297850503,0.00034474767758688944,0.0001851176577614821,0.05,True,True
0.5,myocyte_displacement,normalized_l2,,,,1.8119412965874411e-06,9.016486419950356e-07,0.05,True,True
0.5,myocyte_displacement,absolute_p95,0.07193513246043477,0.07193491811356183,0.07193481122854745,2.9797244491529645e-06,1.485857177347519e-06,0.05,True,True
0.5,myocyte_jelly_normal_traction,normalized_l2,,,,0.0001227534189367405,6.374113493954275e-05,0.05,True,True
0.5,myocyte_jelly_normal_traction,absolute_p95,0.024664460293118508,0.024666338615672672,0.024667304546061242,7.614922439160745e-05,3.915832744378962e-05,0.05,True,True
0.5,myocyte_jelly_tangential_traction,normalized_l2,,,,7.033570727614941e-05,3.7163747661723036e-05,0.05,True,True
0.5,myocyte_jelly_tangential_traction,absolute_p95,0.08932686907096622,0.08933267085542645,0.0893357363028247,6.494583006056155e-05,3.431378667825531e-05,0.05,True,True
0.5,myocyte_jelly_traction_magnitude,normalized_l2,,,,7.169075058185405e-05,3.784846644701655e-05,0.05,True,True
0.5,myocyte_jelly_traction_magnitude,absolute_p95,0.09257719292382612,0.09258324325175808,0.0925864383135347,6.535014025717784e-05,3.4508960867500165e-05,0.05,True,True
0.75,ecm_displacement,normalized_l2,,,,0.00048445057663093884,0.00023405473151535912,0.05,True,True
0.75,ecm_displacement,absolute_p95,0.01094766103303094,0.010947432546253614,0.01094737218046359,2.0870830457490774e-05,5.514150442842693e-06,0.05,True,True
0.75,ecm_dissipation_density,normalized_l2,,,,0.015907522395459724,0.0012159494725539352,0.05,True,True
0.75,ecm_dissipation_density,absolute_p95,3.379762262404062e-08,3.4379400673122235e-08,3.4397364432416054e-08,0.01692228595294998,0.0005222423168238415,0.05,True,True
0.75,ecm_equilibrium_energy_density,normalized_l2,,,,0.00011896842557200368,4.83048696710376e-05,0.05,True,True
0.75,ecm_equilibrium_energy_density,absolute_p95,0.0003055044583019525,0.0003055479815435494,0.00030556439663532325,0.0001424432306082292,5.3720564158064375e-05,0.05,True,True
0.75,ecm_internal_z,normalized_l2,,,,0.0003253279373537803,7.255925940905865e-05,0.05,True,True
0.75,ecm_internal_z,absolute_p95,0.018449356152468874,0.018454503119984818,0.018455659935860378,0.0002789003574075967,6.268081876132118e-05,0.05,True,True
0.75,ecm_jacobian,normalized_l2,,,,3.685675975265561e-08,3.1561546840082144e-08,0.05,True,True
0.75,ecm_jacobian,absolute_p95,1.0016902706755861,1.0016903268478439,1.001690384830289,5.6077468483595875e-08,5.788459782143012e-08,0.05,True,True
0.75,ecm_max_principal_cauchy_stress,normalized_l2,,,,3.072129323463063e-05,2.6004391372278787e-05,0.05,True,True
0.75,ecm_max_principal_cauchy_stress,absolute_p95,0.05407846883242364,0.05407877803131362,0.054079366179795675,5.7175642873954465e-06,1.0875654128423013e-05,0.05,True,True
0.75,ecm_max_principal_green_lagrange_strain,normalized_l2,,,,9.090407467905387e-05,3.315849659258316e-05,0.05,True,True
0.75,ecm_max_principal_green_lagrange_strain,absolute_p95,0.00819966888181595,0.008200267789776764,0.008200441572079198,7.303517106600501e-05,2.1191822526420575e-05,0.05,True,True
0.75,ecm_viscoelastic_energy_density,normalized_l2,,,,0.023123866210728636,0.004091662070112984,0.05,True,True
0.75,ecm_viscoelastic_energy_density,absolute_p95,3.327296210696172e-08,3.411168455316867e-08,3.4263218249280126e-08,0.02458754110778845,0.004422634645962939,0.05,True,True
0.75,endocardial_displacement,normalized_l2,,,,0.0004184718613937422,0.0002014327567782548,0.05,True,True
0.75,endocardial_displacement,absolute_p95,0.007105322950597667,0.007107791014190715,0.007108992072428904,0.0003472335621742766,0.00016894915987413238,0.05,True,True
0.75,jelly_endocardium_normal_traction,normalized_l2,,,,4.5623837788498684e-05,3.933102451651902e-05,0.05,True,True
0.75,jelly_endocardium_normal_traction,absolute_p95,1.5033033718555644e-05,1.503312099906792e-05,1.5034245178498843e-05,5.8058810464097935e-06,7.477458412945562e-05,0.05,True,True
0.75,jelly_endocardium_tangential_traction,normalized_l2,,,,8.614246853622832e-05,3.647287291308794e-05,0.05,True,True
0.75,jelly_endocardium_tangential_traction,absolute_p95,0.0013559475865825858,0.0013560681377021641,0.0013561073738745202,8.889753857248564e-05,2.8932939317296166e-05,0.05,True,True
0.75,jelly_endocardium_traction_magnitude,normalized_l2,,,,7.477485653140174e-05,3.742227495295098e-05,0.05,True,True
0.75,jelly_endocardium_traction_magnitude,absolute_p95,0.0014419774931846137,0.0014420973075208847,0.001442141553486063,8.308339225523244e-05,3.068073662494064e-05,0.05,True,True
0.75,myocyte_displacement,normalized_l2,,,,1.9848271308012876e-06,9.706545572958295e-07,0.05,True,True
0.75,myocyte_displacement,absolute_p95,0.038607961959091094,0.03860784214367237,0.038607783616705964,3.103386261423665e-06,1.515934669113049e-06,0.05,True,True
0.75,myocyte_jelly_normal_traction,normalized_l2,,,,4.225508547465018e-05,2.738438607222848e-05,0.05,True,True
0.75,myocyte_jelly_normal_traction,absolute_p95,0.006706704815942203,0.006706566627007843,0.006706477879327152,2.0604594678330784e-05,1.3232952958958528e-05,0.05,True,True
0.75,myocyte_jelly_tangential_traction,normalized_l2,,,,1.6914258091142077e-05,6.949181057244041e-06,0.05,True,True
0.75,myocyte_jelly_tangential_traction,absolute_p95,0.047243991199089785,0.04724322856544473,0.04724290665566115,1.6142447445658655e-05,6.813881975349007e-06,0.05,True,True
0.75,myocyte_jelly_traction_magnitude,normalized_l2,,,,1.7156828344896073e-05,7.156912999348785e-06,0.05,True,True
0.75,myocyte_jelly_traction_magnitude,absolute_p95,0.0477013926899483,0.04770061718750438,0.04770028534045619,1.6257438204412993e-05,6.956871163392698e-06,0.05,True,True
1.0,ecm_displacement,normalized_l2,,,,0.8126789605243029,0.7919628087097809,0.05,False,
1.0,ecm_displacement,absolute_p95,2.0324017560028572e-07,4.3893408577442126e-08,1.0324447391796913e-08,0.7840318310698192,0.7647836491535793,0.05,False,
1.0,ecm_dissipation_density,normalized_l2,,,,0.001548252049785346,0.0008622212134235613,0.05,True,True
1.0,ecm_dissipation_density,absolute_p95,6.300359709013191e-05,6.29089516932605e-05,6.285655109412668e-05,0.0015022221149694286,0.0008329593439947119,0.05,True,True
1.0,ecm_equilibrium_energy_density,normalized_l2,,,,0.006063485931237794,0.0029479176590002545,0.05,True,True
1.0,ecm_equilibrium_energy_density,absolute_p95,1.4824369849460176e-05,1.491508825265561e-05,1.4959242876369073e-05,0.006082324265113273,0.0029516616635200557,0.05,True,True
1.0,ecm_internal_z,normalized_l2,,,,0.0030820868821225715,0.0014884534882769961,0.05,True,True
1.0,ecm_internal_z,absolute_p95,0.017277966489166914,0.017331789312245452,0.017357913975616278,0.0031054394966889168,0.001505057774080735,0.05,True,True
1.0,ecm_jacobian,normalized_l2,,,,6.135430017962008e-07,3.1000651570744834e-07,0.05,True,True
1.0,ecm_jacobian,absolute_p95,1.0002869479478464,1.0002879047339053,1.0002883884018963,9.565106748742155e-07,4.835285469664901e-07,0.05,True,True
1.0,ecm_max_principal_cauchy_stress,normalized_l2,,,,0.003213392272358116,0.0016135811186906346,0.05,True,True
1.0,ecm_max_principal_cauchy_stress,absolute_p95,0.008292429005076785,0.0083188719751085,0.008332002310973651,0.0031786725545045517,0.0015758920095183435,0.05,True,True
1.0,ecm_max_principal_green_lagrange_strain,normalized_l2,,,,0.0030029003568236524,0.0014394641766907815,0.05,True,True
1.0,ecm_max_principal_green_lagrange_strain,absolute_p95,0.0019649799192291355,0.001970883614709138,0.0019737171484032123,0.002995456167955233,0.0014356331130662976,0.05,True,True
1.0,ecm_viscoelastic_energy_density,normalized_l2,,,,0.00626181476850407,0.0030460661130846797,0.05,True,True
1.0,ecm_viscoelastic_energy_density,absolute_p95,6.202555493034427e-05,6.241907286673215e-05,6.261141701045475e-05,0.006304450199509667,0.00307202987740202,0.05,True,True
1.0,endocardial_displacement,normalized_l2,,,,0.8459609339263467,0.8768876700568742,0.05,False,
1.0,endocardial_displacement,absolute_p95,9.975166296334374e-08,1.4588816623681993e-08,2.3149403715819135e-09,0.8537486374633874,0.8413208945388979,0.05,False,
1.0,jelly_endocardium_normal_traction,normalized_l2,,,,0.003294565395416431,0.0016091533957673892,0.05,True,True
1.0,jelly_endocardium_normal_traction,absolute_p95,3.052811144294176e-06,3.0617096612951017e-06,3.0669090323811254e-06,0.0029063882553650735,0.0016953131087774635,0.05,True,True
1.0,jelly_endocardium_tangential_traction,normalized_l2,,,,0.002866171455531516,0.0013602218859760508,0.05,True,True
1.0,jelly_endocardium_tangential_traction,absolute_p95,0.0003635445746557709,0.00036461839565689867,0.0003651343774461597,0.002945054374432036,0.0014131284840116585,0.05,True,True
1.0,jelly_endocardium_traction_magnitude,normalized_l2,,,,0.0029221980551995884,0.0013929988698366772,0.05,True,True
1.0,jelly_endocardium_traction_magnitude,absolute_p95,0.00041233820758886894,0.0004136533542975385,0.00041429771959444186,0.0031793449636179955,0.0015553194392045513,0.05,True,True
1.0,myocyte_displacement,normalized_l2,,,,0.8258910621000081,0.7840059287217278,0.05,False,
1.0,myocyte_displacement,absolute_p95,2.8740171673156066e-09,4.997696652589595e-10,1.0950735935772918e-10,0.8261076270028842,0.7808843413875728,0.05,False,
1.0,myocyte_jelly_normal_traction,normalized_l2,,,,0.003185542159707047,0.0015544287432672694,0.05,True,True
1.0,myocyte_jelly_normal_traction,absolute_p95,5.552943254920994e-05,5.566321263320176e-05,5.570368635680134e-05,0.0024033841681646837,0.0007265896791880387,0.05,True,True
1.0,myocyte_jelly_tangential_traction,normalized_l2,,,,0.0030490718708541973,0.0014817552816805376,0.05,True,True
1.0,myocyte_jelly_tangential_traction,absolute_p95,0.0023163731680338933,0.0023234399612362083,0.0023268807937482346,0.003041521760930328,0.0014787317516526707,0.05,True,True
1.0,myocyte_jelly_traction_magnitude,normalized_l2,,,,0.0030498585901926147,0.0014821609485032616,0.05,True,True
1.0,myocyte_jelly_traction_magnitude,absolute_p95,0.0023163731680338937,0.0023234399612362083,0.002326880793748234,0.003041521760930141,0.0014787317516524847,0.05,True,True
