time,alpha,alpha_rate,fiber_length,axial_shortening,transverse_scale_change_1,transverse_scale_change_2,volume_error,centroid_drift,passive_energy,active_energy,stored_energy,dissipation,active_power,active_net_force,active_net_moment,projected_residual,gauge_increment_residual,optimizer_iterations,optimizer_evaluations,optimizer_reported_success
0,0,0,0.98219321722609676,0,0,0,0,0,1.3548642195297149e-33,0,1.3548642195297149e-33,0,0,0,0,0,0,0,1,1
0.02,0,0,0.98219321722609676,0,0,0,0,0,1.3548642195297149e-33,0,1.3548642195297149e-33,0,0,0,0,9.5117249231237466e-17,0,0,1,1
0.040000000000000001,0,0,0.98219321722609676,0,0,0,0,0,1.3548642195297149e-33,0,1.3548642195297149e-33,0,0,0,0,9.5117249231237466e-17,0,0,1,1
0.059999999999999998,0,0,0.98219321722609676,0,0,0,0,0,1.3548642195297149e-33,0,1.3548642195297149e-33,0,0,0,0,9.5117249231237466e-17,0,0,1,1
0.080000000000000002,0,0,0.98219321722609676,0,0,0,0,0,1.3548642195297149e-33,0,1.3548642195297149e-33,0,0,0,0,9.5117249231237466e-17,0,0,1,1
0.10000000000000001,0,0,0.98219321722609676,0,0,0,0,0,1.3548642195297149e-33,0,1.3548642195297149e-33,0,0,0,0,9.5117249231237466e-17,0,0,1,1
0.12,0,0,0.98219321722609676,0,0,0,0,0,1.3548642195297149e-33,0,1.3548642195297149e-33,0,0,0,0,9.5117249231237466e-17,0,0,1,1
0.14000000000000001,0,0,0.98219321722609676,0,0,0,0,0,1.3548642195297149e-33,0,1.3548642195297149e-33,0,0,0,0,9.5117249231237466e-17,0,0,1,1
0.16,0,0,0.98219321722609676,0,0,0,0,0,1.3548642195297149e-33,0,1.3548642195297149e-33,0,0,0,0,9.5117249231237466e-17,0,0,1,1
0.17999999999999999,0,0,0.98219321722609676,0,0,0,0,0,1.3548642195297149e-33,0,1.3548642195297149e-33,0,0,0,0,9.5117249231237466e-17,0,0,1,1
0.20000000000000001,0,0,0.98219321722609676,0,0,0,0,0,1.3548642195297149e-33,0,1.3548642195297149e-33,0,0,0,0,9.5117249231237466e-17,0,0,1,1
0.22,0,0,0.98219321722609676,0,0,0,0,0,1.3548642195297149e-33,0,1.3548642195297149e-33,0,0,0,0,9.5117249231237466e-17,0,0,1,1
0.23999999999999999,0,0,0.98219321722609676,0,0,0,0,0,1.3548642195297149e-33,0,1.3548642195297149e-33,0,0,0,0,9.5117249231237466e-17,0,0,1,1
0.26000000000000001,0,0,0.98219321722609676,0,0,0,0,0,1.3548642195297149e-33,0,1.3548642195297149e-33,0,0,0,0,9.5117249231237466e-17,0,0,1,1
0.28000000000000003,0,0,0.98219321722609676,0,0,0,0,0,1.3548642195297149e-33,0,1.3548642195297149e-33,0,0,0,0,9.5117249231237466e-17,0,0,1,1
0.29999999999999999,0,0,0.98219321722609676,0,0,0,0,0,1.3548642195297149e-33,0,1.3548642195297149e-33,0,0,0,0,9.5117249231237466e-17,0,0,1,1
0.32000000000000001,0,0,0.98219321722609676,0,0,0,0,0,1.3548642195297149e-33,0,1.3548642195297149e-33,0,0,0,0,9.5117249231237466e-17,0,0,1,1
0.34000000000000002,0,0,0.98219321722609676,0,0,0,0,0,1.3548642195297149e-33,0,1.3548642195297149e-33,0,0,0,0,9.5117249231237466e-17,0,0,1,1
0.35999999999999999,0,0,0.98219321722609676,0,0,0,0,0,1.3548642195297149e-33,0,1.3548642195297149e-33,0,0,0,0,9.5117249231237466e-17,0,0,1,1
0.38,0,0,0.98219321722609676,0,0,0,0,0,1.3548642195297149e-33,0,1.3548642195297149e-33,0,0,0,0,9.5117249231237466e-17,0,0,1,1
0.40000000000000002,0,0,0.98219321722609676,0,0,0,0,0,1.3548642195297149e-33,0,1.3548642195297149e-33,0,0,0,0,9.5117249231237466e-17,0,0,1,1
0.41999999999999998,0,0,0.98219321722609676,0,0,0,0,0,1.3548642195297149e-33,0,1.3548642195297149e-33,0,0,0,0,9.5117249231237466e-17,0,0,1,1
0.44,0,0,0.98219321722609676,0,0,0,0,0,1.3548642195297149e-33,0,1.3548642195297149e-33,0,0,0,0,9.5117249231237466e-17,0,0,1,1
0.46000000000000002,0,0,0.98219321722609676,0,0,0,0,0,1.3548642195297149e-33,0,1.3548642195297149e-33,0,0,0,0,9.5117249231237466e-17,0,0,1,1
0.47999999999999998,0,0,0.98219321722609676,0,0,0,0,0,1.3548642195297149e-33,0,1.3548642195297149e-33,0,0,0,0,9.5117249231237466e-17,0,0,1,1
0.5,0,0,0.98219321722609676,0,0,0,0,0,1.3548642195297149e-33,0,1.3548642195297149e-33,0,0,0,0,9.5117249231237466e-17,0,0,1,1
0.52000000000000002,0,0,0.98219321722609676,0,0,0,0,0,1.3548642195297149e-33,0,1.3548642195297149e-33,0,0,0,0,9.5117249231237466e-17,0,0,1,1
0.54000000000000004,0,0,0.98219321722609676,0,0,0,0,0,1.3548642195297149e-33,0,1.3548642195297149e-33,0,0,0,0,9.5117249231237466e-17,0,0,1,1
0.56000000000000005,0,0,0.98219321722609676,0,0,0,0,0,1.3548642195297149e-33,0,1.3548642195297149e-33,0,0,0,0,9.5117249231237466e-17,0,0,1,1
0.57999999999999996,0,0,0.98219321722609676,0,0,0,0,0,1.3548642195297149e-33,0,1.3548642195297149e-33,0,0,0,0,9.5117249231237466e-17,0,0,1,1
0.59999999999999998,0,0,0.98219321722609676,0,0,0,0,0,1.3548642195297149e-33,0,1.3548642195297149e-33,0,0,0,0,9.5117249231237466e-17,0,0,1,1
0.62,0,0,0.98219321722609676,0,0,0,0,0,1.3548642195297149e-33,0,1.3548642195297149e-33,0,0,0,0,9.5117249231237466e-17,0,0,1,1
0.64000000000000001,0,0,0.98219321722609676,0,0,0,0,0,1.3548642195297149e-33,0,1.3548642195297149e-33,0,0,0,0,9.5117249231237466e-17,0,0,1,1
0.66000000000000003,0,0,0.98219321722609676,0,0,0,0,0,1.3548642195297149e-33,0,1.3548642195297149e-33,0,0,0,0,9.5117249231237466e-17,0,0,1,1
0.68000000000000005,0,0,0.98219321722609676,0,0,0,0,0,1.3548642195297149e-33,0,1.3548642195297149e-33,0,0,0,0,9.5117249231237466e-17,0,0,1,1
0.70000000000000007,0,0,0.98219321722609676,0,0,0,0,0,1.3548642195297149e-33,0,1.3548642195297149e-33,0,0,0,0,9.5117249231237466e-17,0,0,1,1
0.71999999999999997,0,0,0.98219321722609676,0,0,0,0,0,1.3548642195297149e-33,0,1.3548642195297149e-33,0,0,0,0,9.5117249231237466e-17,0,0,1,1
0.73999999999999999,0,0,0.98219321722609676,0,0,0,0,0,1.3548642195297149e-33,0,1.3548642195297149e-33,0,0,0,0,9.5117249231237466e-17,0,0,1,1
0.76000000000000001,0,0,0.98219321722609676,0,0,0,0,0,1.3548642195297149e-33,0,1.3548642195297149e-33,0,0,0,0,9.5117249231237466e-17,0,0,1,1
0.78000000000000003,0,0,0.98219321722609676,0,0,0,0,0,1.3548642195297149e-33,0,1.3548642195297149e-33,0,0,0,0,9.5117249231237466e-17,0,0,1,1
0.80000000000000004,0,0,0.98219321722609676,0,0,0,0,0,1.3548642195297149e-33,0,1.3548642195297149e-33,0,0,0,0,9.5117249231237466e-17,0,0,1,1
0.82000000000000006,0,0,0.98219321722609676,0,0,0,0,0,1.3548642195297149e-33,0,1.3548642195297149e-33,0,0,0,0,9.5117249231237466e-17,0,0,1,1
0.83999999999999997,0,0,0.98219321722609676,0,0,0,0,0,1.3548642195297149e-33,0,1.3548642195297149e-33,0,0,0,0,9.5117249231237466e-17,0,0,1,1
0.85999999999999999,0,0,0.98219321722609676,0,0,0,0,0,1.3548642195297149e-33,0,1.3548642195297149e-33,0,0,0,0,9.5117249231237466e-17,0,0,1,1
0.88,0,0,0.98219321722609676,0,0,0,0,0,1.3548642195297149e-33,0,1.3548642195297149e-33,0,0,0,0,9.5117249231237466e-17,0,0,1,1
0.90000000000000002,0,0,0.98219321722609676,0,0,0,0,0,1.3548642195297149e-33,0,1.3548642195297149e-33,0,0,0,0,9.5117249231237466e-17,0,0,1,1
0.92000000000000004,0,0,0.98219321722609676,0,0,0,0,0,1.3548642195297149e-33,0,1.3548642195297149e-33,0,0,0,0,9.5117249231237466e-17,0,0,1,1
0.94000000000000006,0,0,0.98219321722609676,0,0,0,0,0,1.3548642195297149e-33,0,1.3548642195297149e-33,0,0,0,0,9.5117249231237466e-17,0,0,1,1
0.95999999999999996,0,0,0.98219321722609676,0,0,0,0,0,1.3548642195297149e-33,0,1.3548642195297149e-33,0,0,0,0,9.5117249231237466e-17,0,0,1,1
0.97999999999999998,0,0,0.98219321722609676,0,0,0,0,0,1.3548642195297149e-33,0,1.3548642195297149e-33,0,0,0,0,9.5117249231237466e-17,0,0,1,1
1,0,0,0.98219321722609676,0,0,0,0,0,1.3548642195297149e-33,0,1.3548642195297149e-33,0,0,0,0,9.5117249231237466e-17,0,0,1,1
1.02,9.866357858642206e-05,0.0098631117434188759,0.98214516706344224,4.8921293500869822e-05,1.7330786256097852e-05,1.7364204458969468e-05,-3.0095660675799607e-06,8.864430860482154e-16,1.051838042853479e-09,1.1934805070999266e-08,1.2986643113852745e-08,1.0685896065093893e-06,4.7329677697201742e-06,2.0328790734103208e-20,1.8817469631644992e-20,7.6632092660549522e-09,5.0597450098603867e-22,40,49,0
1.04,0.00039426493427611179,0.019687298290813615,0.98197915951125769,0.00021793849833706691,7.996937392018566e-05,7.8688938450088841e-05,-1.0576206634360652e-05,4.9593946141586464e-16,1.7469354926016248e-08,1.4996804300951473e-07,1.6743739793553098e-07,1.3055145697759146e-05,3.3488632389051107e-05,4.0657581468206416e-20,1.4217901264265541e-19,9.3294220517351338e-09,2.226455769013144e-21,49,55,0
1.0600000000000001,0.00088563746356556949,0.029433788066125545,0.98166284806636495,0.00053998454726622569,0.00020486376491524183,0.00019760244578947983,-2.0329619903391993e-05,3.9963940677528278e-16,9.0484296573144533e-08,5.7629428994343475e-07,6.6677858651657929e-07,4.8604727165819892e-05,9.8147726774737282e-05,3.2526065174565133e-19,4.1816300675173663e-19,8.9419515917696747e-09,2.9583497784665488e-21,54,59,0
1.0800000000000001,0.0015708419435684464,0.039064116126959154,0.98118083386624666,0.0010307374782216883,0.00040218523901836001,0.00038043822022904017,-3.087948465385626e-05,8.1901706507272467e-16,2.8688641176766776e-07,1.407081980587755e-06,1.6939683923554228e-06,0.00011522154627694358,0.00020353993501807791,2.7105054312137611e-19,1.0726439350921956e-18,7.8300482464417644e-09,3.4492852387740752e-21,57,65,0
1.1000000000000001,0.0024471741852423235,0.048540275968136704,0.980526265087175,0.0016971733358427388,0.00067823714879744479,0.00062979281613428917,-4.1485538200047856e-05,8.2678043355908927e-16,6.9494723175635429e-07,2.7132347842951e-06,3.4081820160514545e-06,0.00021613282312691801,0.00035120270944087335,6.5052130349130266e-19,7.1368314367335881e-19,7.8379652825871509e-09,7.3457841989338431e-21,57,62,0
1.1200000000000001,0.0035111757055874327,0.057824869516010707,0.97969696543362172,0.0025415078710530059,0.001036978965828661,0.00094627697584903636,-5.1747113295363967e-05,8.1901706507272467e-16,1.4213874953046802e-06,4.5353399434871161e-06,5.9567274387917961e-06,0.00035195241431250075,0.00054091809814195457,1.3010426069826053e-18,2.7494607872898886e-19,9.8047337966440491e-09,9.3386962033267191e-21,57,64,0
1.1400000000000001,0.0047586473766990326,0.066881254721574995,0.97869354377204321,0.0035631211788830219,0.0014808380911184305,0.0013293785500769761,-6.1443133844929498e-05,8.7191024763507148e-16,2.5889053419500323e-06,6.8941711448393109e-06,9.4830764867893436e-06,0.00052173131606463724,0.00077136045579668773,6.5052130349130266e-19,5.131975501055835e-19,5.3431201959323233e-09,8.7207510861403864e-21,63,71,0
1.1599999999999999,0.0061846659978068153,0.075673690169891963,0.9775184317468113,0.0047595375301897613,0.0020111597682352933,0.0017778995855055602,-7.0450538137256657e-05,8.95406338121109e-16,4.333762639926923e-06,9.7965215126949764e-06,1.4130284152621899e-05,0.00072351858257835126,0.0010403819031612688,2.1684043449710089e-19,1.2791026095036892e-18,5.4358076269916955e-09,1.5763343741713554e-20,63,70,0
1.1799999999999999,0.0077836037248992414,0.084167476135128982,0.9761753720182903,0.006126946411625589,0.0026284633008497593,0.0022901865523790033,-7.8701986313323147e-05,5.9006051289336921e-16,6.8032911118117466e-06,1.3238208891617355e-05,2.0041500003429102e-05,0.00095465044996864788,0.0013451504086324779,9.7578195523695399e-19,2.0288216687423472e-18,5.3390089271313771e-09,1.3739709687512367e-20,63,73,0
1.2,0.0095491502812526281,0.09232909152452283,0.97466913446986558,0.007660491463665986,0.0033325965169390681,0.0028642526130326917,-8.6163029271557612e-05,7.2817765420696884e-16,1.0153261997495487e-05,1.7205642183225171e-05,2.7358904180720657e-05,0.0012119088902869679,0.0016822321714020918,1.5178830414797062e-18,1.6494634304096153e-18,9.8173085008562777e-09,2.6011185781740391e-20,62,72,0
1.22,0.011474337861210533,0.10012632617081896,0.97300534939612271,0.0093544403166643253,0.0041228320741026891,0.0034978448130149609,-9.2819308917135857e-05,8.1901706507272467e-16,1.4545137956712576e-05,2.1676722071704099e-05,3.6221860028416678e-05,0.0014916207731985997,0.0020476560766338474,1.3010426069826053e-18,1.2832934814999484e-18,6.4587582754788346e-09,1.9919192631116989e-20,63,72,0
1.24,0.013551568628929422,0.10752840795108612,0.9711904007375759,0.011202293291736387,0.0049979298704709851,0.0041884835118859431,-9.8669704920673063e-05,6.5910219451746927e-16,2.0143231128127986e-05,2.6621449875777688e-05,4.6764681003905673e-05,0.0017897355768763795,0.0024369745658780854,1.7347234759768071e-18,5.2913814777966146e-18,7.5231119492169105e-09,2.4449057399943379e-20,62,72,0
1.26,0.015772644703565569,0.11450612423022709,0.96923135234704327,0.013196858471147155,0.0059561816134843237,0.0049334848935915776,-0.00010372167682115574,9.0780622497872949e-16,2.7111750674954684e-05,3.2002470124782273e-05,5.9114220799736957e-05,0.0021018959572207769,0.0028453283689942265,3.6862873864507151e-18,3.5702090343432543e-18,7.759301681766751e-09,1.9777313381257316e-20,63,71,0
1.28,0.018128800512565518,0.12103193714990342,0.96713589036603953,0.015330310366612032,0.0069954434287835543,0.0057299762277254196,-0.00010798877085638203,6.9908344685735602e-16,3.5611777476400773e-05,3.7775605099599465e-05,7.3387382576000238e-05,0.0024235088385651644,0.003267515284143695,2.1684043449710089e-18,4.9812089999613231e-18,7.8822612427701656e-09,4.0459390506095838e-20,63,73,0
1.3,0.020610737385376349,0.1270800923078815,0.96491227397763069,0.017594240059273458,0.0081131619308574265,0.006574906455796059,-0.00011148886744671849,9.0780622497872949e-16,4.5798179893030218e-05,4.3890421850360899e-05,8.9688601743391117e-05,0.0027498185257221084,0.0036980631886597347,2.1684043449710089e-18,4.4314864532584032e-18,9.1306373399398445e-09,2.767571148467772e-20,63,72,0
1.3200000000000001,0.023208660251050173,0.13262672039889203,0.96256929041270523,0.019979701009149031,0.0093063964910289343,0.0074650545761176801,-0.00011424286736705369,7.0136431245032408e-16,5.7816488087243206e-05,5.0290851840469109e-05,0.00010810733992771231,0.0030759816725760385,0.0041313068676214334,3.6862873864507151e-18,6.5340876824569211e-18,9.5632181001300322e-09,2.3369364941346619e-20,63,71,0
1.3400000000000001,0.02591231629491424,0.1376499314158732,0.96011621152945259,0.022477253262849772,0.010571839753263923,0.0083970363449861196,-0.00011627379299639085,9.0780622497872949e-16,7.1799758016316296e-05,5.6915857964152346e-05,0.00012871561598046865,0.0033971439262038758,0.0045614673571406084,6.2883726004159257e-18,6.0065947286389717e-18,6.2981571774179056e-09,2.4083129321932839e-20,66,73,0
1.3600000000000001,0.02871103542174638,0.14212990103982767,0.9575627508796648,0.025077007165650311,0.011905833792687837,0.0093673162338427929,-0.00011760612264488657,7.6872174755010655e-16,8.7865452930192226e-05,6.3700151511408878e-05,0.00015156560444160109,0.0037085167064338544,0.0049827329852765896,2.8189256484623115e-18,3.6871022463174312e-18,9.127144864995453e-09,1.4617066856056155e-20,63,70,0
1.3800000000000001,0.031593772365766118,0.14604894887735326,0.95491902014993035,0.027768667709999084,0.013304393098061418,0.010372208213595524,-0.00011826490680721946,8.8283230490551011e-16,0.00010611238632065524,7.0574938732484479e-05,0.0001766873250531397,0.0040054538682785454,0.0053893404476778308,1.951563910473908e-18,4.9658410548002675e-18,5.6556981529988879e-09,4.797595219920895e-20,68,76,0
1.4000000000000001,0.034549150281252654,0.14939160823707781,0.95219548526105635,0.030541579231996518,0.01476321800120628,0.011407891593655073,-0.00011827582438395101,6.3188538408421023e-16,0.00012661777108097103,7.7468710478494434e-05,0.00020408648155946545,0.0042835240411064129,0.0057756556798079263,4.7704895589362195e-18,5.7366537262965536e-18,6.9645214731152275e-09,3.3753609866464872e-20,66,74,0
1.4199999999999999,0.037565505641757257,0.15214468716962432,0.94940292155019268,0.033384771041801931,0.016277716482800297,0.012470417161218661,-0.00011766416602387864,5.8462205112198597e-16,0.00014943440022658665,8.4308053619154208e-05,0.00023374245384574085,0.0045385832711993491,0.0061362529178022032,4.3368086899420177e-18,8.5394339567354026e-18,8.8165356396093712e-09,3.3074096643586367e-20,68,75,0
1.4399999999999999,0.040630934270713757,0.15429732053020817,0.94655236858619241,0.036287003427452835,0.017843022182425283,0.0135557187419586,-0.00011645480852173762,5.5663328284296639e-16,0.00017458803965011689,9.101849932411381e-05,0.00026560653897423069,0.0047668380698268342,0.0064659917807757183,6.9388939039072284e-18,1.0897415349074822e-17,2.6979620237365125e-09,6.4012996868747278e-20,69,77,0
1.46,0.043733338321784776,0.15584101285839977,0.94365508403236387,0.039236814628563654,0.019454013893833944,0.014659626197445874,-0.00011467180577084957,5.5663328284296639e-16,0.00020207507268424354,9.7525377040511333e-05,0.00029960044972475485,0.0049649069393803511,0.0067600904940424951,6.5052130349130266e-18,7.6348372921620126e-18,8.9769480029785548e-09,4.768035273954169e-20,63,76,0
1.48,0.046860474023534326,0.15676967190582569,0.9407224971008511,0.042222568225798729,0.02110533883555421,0.015777875172910738,-0.00011233804549282134,8.1901706507272467e-16,0.00023186044066948752,0.00010375468405006706,0.00033561512471955461,0.0051298749636778766,0.0070141949778985552,2.1684043449710089e-18,6.7665928116563414e-18,9.5741189649028889e-09,3.8686655153410872e-20,62,72,0
1.5,0.049999999999999996,0.15707963267948966,0.93776616184020167,0.045232500700183698,0.022791431755454949,0.016906124573285108,-0.0001094751921318915,8.5526567916084752e-16,0.00026387596601293946,0.00010963397019168795,0.00037350993620462739,0.0052593375243906067,0.0072244431237013023,1.1275702593849246e-17,3.0074187469566486e-18,8.8052148010308977e-09,4.7403724794851634e-20,63,73,0
1.52,0.053139525976465679,0.15676967190582569,0.93479770990798616,0.04825476951669927,0.024506538226883201,0.018039970782568915,-0.00010610347145956212,4.6605563123823742e-16,0.00029801909711160056,0.00011509320856466072,0.00041311230567626131,0.0053514399882028923,0.0073875226713487072,8.6736173798840355e-19,1.5090394449736697e-18,8.090745826563593e-09,5.0288007579775387e-20,63,71,0
1.54,0.056266661678215216,0.15584101285839977,0.93182880393810996,0.051277500602402437,0.026244738613075524,0.01917496311164224,-0.00010224135461101014,7.8719833786478216e-16,0.00033415211708855234,0.00012006568875981532,0.00045421780584836767,0.0054049055901175622,0.0075007233727457032,8.6736173798840355e-19,4.2488791790609176e-18,7.3784049729654868e-09,3.3196880270004011e-20,63,73,0
1.5600000000000001,0.059369065729286241,0.15429732053020817,0.92887109056858674,0.054288836170241495,0.027999972043442289,0.020306620923467467,-9.7905794838815119e-05,6.6152092629538019e-16,0.00037210189813365892,0.00012448887431218661,0.00049659077244584556,0.005419056120387347,0.0075619810163870989,3.4694469519536142e-18,3.809583946924246e-18,7.1931808145470291e-09,3.3915402304859682e-20,63,73,0
1.5800000000000001,0.062434494358242748,0.15214468716962432,0.92593615419633635,0.057276981802665272,0.029766061220273476,0.021430451242191229,-9.3112006969819916e-05,5.3018158548553144e-16,0.00041166023016003724,0.00012830525776510272,0.00053996548792513996,0.0053938206361971736,0.0075699140213546703,9.9746599868666408e-18,9.7589163266312255e-18,8.3449520400417927e-09,2.9761219228720444e-20,62,70,0
1.6000000000000001,0.065450849718747373,0.14939160823707778,0.9230354708851698,0.060230253379268794,0.031536738717262036,0.022541966405114744,-8.7873581044894955e-05,5.7913252062042741e-16,0.00045258475361017959,0.00013146316831676589,0.00058404792192694546,0.0053297388876280558,0.0075238508636524398,1.4311468676808659e-17,6.8902062131100023e-18,8.0475569217621455e-09,4.7040563737585761e-20,62,72,0
1.6200000000000001,0.068406227634233915,0.14604894887735323,0.92018036395256664,0.063137122295210291,0.033305672366247263,0.023636702822603883,-8.2202436972100834e-05,7.851668548965383e-16,0.00049460052596386728,0.00013391759080107654,0.00062851811676494385,0.0052279480612156728,0.0074238498243078136,6.5052130349130266e-18,4.8670661885854444e-18,8.1208593004334892e-09,2.2254525462055197e-20,63,71,0
1.6400000000000001,0.071288964578253636,0.14212990103982767,0.91738195952660484,0.065986260710017342,0.035066492307975095,0.024710238763386405,-7.6109063497087348e-05,4.7285972299063481e-16,0.00053740226029751269,0.00013563089093484486,0.00067303315123235755,0.0050901672943305803,0.0072707077692893357,4.3368086899420177e-19,2.0190183464562883e-18,6.1579503318902812e-09,2.5214603468700129e-20,64,74,0
1.6600000000000001,0.074087683705085769,0.13764993141587314,0.9146511438230629,0.068766585045033968,0.03681281609089071,0.025758216140959966,-6.9602842579952195e-05,6.7821056294441172e-16,0.00058065719805250153,0.00013657351545410845,0.00071723071350661004,0.0049186690799121321,0.0070659599592162291,5.2041704279304213e-18,5.241157396789141e-18,8.6489482866268869e-09,2.5808929847289945e-20,64,73,0
1.6799999999999999,0.076791339748949833,0.13262672039889206,0.91199852175976415,0.071467298119382239,0.03853827823495104,0.026776353527010244,-6.2691727422681254e-05,7.9527237822829716e-16,0.00062400862224703396,0.00013672462817259482,0.00076073325041962881,0.0047162428534076439,0.0068118697388029788,2.1684043449710089e-18,8.4960422014614346e-18,3.5431131499070207e-09,4.4347544960378951e-20,68,79,0
1.7,0.079389262614623646,0.1270800923078815,0.90943437625869372,0.074077930585682572,0.040236553281587595,0.027760470905043189,-5.5383268333208946e-05,6.8523883939560651e-16,0.00066708002863700999,0.00013607262678131811,0.00080315265541832813,0.0044861501203280283,0.0065114068853998654,3.0357660829594124e-18,3.9201982671763336e-18,9.8925073653026914e-09,4.1753154856080826e-20,67,84,0
1.72,0.081871199487434487,0.12103193714990342,0.90696863107428705,0.076588378775673593,0.041901384906787298,0.028706502893503405,-4.7684158180683056e-05,9.0604520251540318e-16,0.00070947974904805931,0.00013461566762450978,0.00084409541667256906,0.004232074289797761,0.0061682180457306836,3.0357660829594124e-18,4.7730460590834144e-18,4.2947781355752293e-09,4.1175070227573365e-20,68,77,0
1.74,0.084227355296434436,0.11450612423022706,0.90461081265826682,0.078988943526750899,0.043526610938034116,0.029610518705149635,-3.96012970672599e-05,4.7956728813033932e-16,0.00075080620807906095,0.00013236194268719084,0.00088316815076625184,0.0039580637727174737,0.0057865833077147379,1.3010426069826053e-18,3.504881975541085e-18,9.5600276097110125e-09,3.2329187847228905e-20,67,76,0
1.76,0.086448431371070569,0.10752840795108615,0.90237001658868543,0.081270364361553438,0.045106189408467001,0.030468738198519141,-3.1141567588099939e-05,5.9006051289336921e-16,0.00079065348137732992,0.0001293299764230852,0.00091998345780041507,0.003668466752943821,0.0053713659709563434,1.7347234759768071e-18,1.2410954029048371e-18,8.2842102109322695e-09,3.0830504519160784e-20,67,74,0
1.78,0.088525662138789457,0.10012632617081899,0.90025487394395676,0.083423853723557317,0.046634224425893045,0.031277548102186303,-2.231280971309868e-05,6.5910219451746927e-16,0.00082861724452686102,0.00012554868183708274,0.00095416592636394376,0.0033678675754038895,0.004927949952179443,8.6736173798840355e-19,5.3374094704515883e-18,8.6136021426139554e-09,2.1243038769385875e-20,68,76,0
1.8,0.090450849718747381,0.092329091524522858,0.89827352075439026,0.085441128079373097,0.048104990537248149,0.032033518668021177,-1.312392412611274e-05,7.851668548965383e-16,0.00086430090650298469,0.00012105732035184506,0.00098535822685482982,0.0030610137554406198,0.0044621690445359533,2.6020852139652106e-18,4.784709409569402e-18,8.9791589576975433e-09,3.9195082871979413e-20,66,72,0
1.8200000000000001,0.092216396275100754,0.08416747613512901,0.89643356937702356,0.087314437062877448,0.04951295797272981,0.032733417414256616,-3.585549023243928e-06,1.0062663144209975e-15,0.00089732182119655224,0.00011590528849382279,0.0010132271096903751,0.0027527456967847723,0.0039802271626060322,3.903127820947816e-18,6.7602058008431611e-18,9.0934990654769465e-09,3.9121106053562484e-20,67,77,0
1.8400000000000001,0.093815334002193176,0.075673690169892005,0.89474208152654389,0.089036590933229798,0.050852816388154309,0.033374224407340947,6.2894318522133119e-06,8.4019373782410081e-16,0.00092731749318532535,0.00011015170604664942,0.0010374691992319747,0.0024479223387948593,0.0034886102704271369,8.6736173798840355e-19,3.3496427298864472e-18,6.3206588998749787e-09,4.5145243572186785e-20,67,75,0
1.8600000000000001,0.095241352623300982,0.066881254721574912,0.8932055441036294,0.090600985184753902,0.052119498500713846,0.033953145262483497,1.6485336798099937e-05,5.9006051289336921e-16,0.00095395158423899732,0.00010386485211140756,0.0010578164363504049,0.0021513473596271224,0.002993992058894696,7.8062556418956319e-18,4.8313987924171477e-18,9.1466111312053862e-09,2.1402739798706534e-20,66,74,0
1.8800000000000001,0.096488824294412578,0.057824869516010624,0.89182984657214603,0.092001623579884173,0.053308203336850601,0.034467624143307507,2.6983218410325804e-05,7.1712727638934062e-16,0.00097691964529114162,9.7121382982011319e-05,0.0010740410282731529,0.0018676968461952916,0.0025031335371141221,3.903127820947816e-18,5.0618095809129865e-18,8.0808483269270179e-09,3.6556910431082142e-20,65,72,0
1.9000000000000001,0.097552825814757688,0.04854027596813662,0.89062026072210121,0.093233138753101241,0.054414418560399858,0.034915355457771247,3.7760318578605734e-05,6.3188538408421023e-16,0.00099595442260895137,9.000537318857316e-05,0.0010859597957975245,0.0016014471510114679,0.0020227787757908355,2.1684043449710089e-18,3.0716533489765814e-18,8.1019326877928726e-09,2.5908991381843333e-20,65,72,0
1.9199999999999999,0.098429158056431557,0.039064116126959196,0.88958142238314963,0.09429081082895352,0.055433941846063206,0.035294295831637568,4.8789452055109095e-05,8.07232032458212e-16,0.0010108306342860749,8.2607165459194242e-05,0.0010934377997452692,0.0013568060665617777,0.0015595481611548512,1.3010426069826053e-18,5.3905798436457619e-18,6.3457316651497689e-09,1.9655676098801473e-20,66,73,0
1.9399999999999999,0.099114362536434436,0.029433788066125583,0.88871731563310807,0.09517058349983587,0.056362901988569414,0.035602673799421947,6.0038758142644255e-05,8.0127451906306978e-16,0.0010213690883767394,7.5022064993197741e-05,0.0010963911533699371,0.0011376473770814731,0.0011198312789843258,3.2526065174565133e-18,4.5513100069748026e-18,5.6806068104873119e-09,1.284049201538574e-20,66,75,0
1.96,0.099605735065723899,0.019687298290813643,0.88803125860209142,0.095869078479219105,0.057197778388533571,0.035838999679258965,7.1471298544567574e-05,8.4019373782410081e-16,0.0010274400982156027,6.7348858355829251e-05,0.0010947889565714318,0.00094744902732571152,0.00070968098528807299,3.6862873864507151e-18,4.2839814499464484e-18,5.8532223408521138e-09,1.8406084356934381e-20,65,73,0
1.98,0.099901336421413578,0.0098631117434189002,0.88752589175102203,0.096383607435646446,0.057935419558949652,0.036002073718415017,8.3044689752620471e-05,7.7698781045284474e-16,0.0010289660744955368,5.9688218987765098e-05,0.0010886542934833018,0.00078923725513584033,0.00033471115940080859,1.5591232609753819e-31,2.4946369201021035e-18,7.9104511562758872e-09,2.826168175061484e-20,60,69,0
2,0.10000000000000001,0,0.88720316846344449,0.096712181571485978,0.058573060385697318,0.036090993178482744,9.4711077815778921e-05,4.9593946141586464e-16,0.0010259232520430503,5.2141019249558234e-05,0.0010780642712926085,0.00066553633390997844,0,4.5536491244391186e-18,4.2809550158954542e-18,8.9306405229523184e-09,2.5919354788338035e-20,60,69,0
2.02,0.10000000000000001,0,0.88701816048952731,0.096900543668344774,0.059126528932373912,0.036123522795768359,0.00010294381903697136,8.4019373782410081e-16,0.0010196365037207394,4.6337746526150393e-05,0.0010659742502468897,0.00058836192269091881,0,4.9873299934333204e-18,1.6398071616034287e-18,8.5067385993117385e-09,1.8566695356098378e-20,59,66,0
2.04,0.10000000000000001,0,0.88690374449789011,0.097017033977614409,0.05962348248802507,0.03612766229384512,0.0001057168050655477,7.728658301247363e-16,0.0010119840618509741,4.2920075650020227e-05,0.0010549041375009943,0.0005434415550500094,0,2.3852447794681098e-18,2.3089725086870246e-18,9.3758527956907713e-09,2.4918887237139583e-20,61,69,0
2.0600000000000001,0.10000000000000001,0,0.886827628629692,0.097094529797034812,0.060080688479124733,0.036118190008529671,0.00010544628787645394,8.864430860482154e-16,0.0010038060801003331,4.071896377799451e-05,0.0010445250438783278,0.00051150721246808763,0,3.0357660829594124e-18,4.8764647269236076e-18,9.129873987388122e-09,1.6245928940254829e-20,62,73,0
2.0800000000000001,0.10000000000000001,0,0.88677316147303542,0.097149984422154723,0.060508223498067837,0.036102509604986732,0.00010356922966625604,6.8290411765289846e-16,0.00099550250049903338,3.9179449841355089e-05,0.0010346819503403884,0.00048610909324833709,0,2.1684043449710089e-19,2.7899553865097373e-18,7.4615682096495902e-09,1.3320959206233848e-20,60,69,0
2.1000000000000001,0.10000000000000001,0,0.8867314332899433,0.097192469121051284,0.060912441941622708,0.036084339134860643,0.00010085367465029194,6.2169301603237744e-16,0.00098726478707417652,3.8020073218667544e-05,0.0010252848602928441,0.00046470576123350434,0,2.1684043449710089e-19,2.0061217622962875e-18,9.1441656684417797e-09,2.3045223358735301e-20,59,66,0
2.1200000000000001,0.10000000000000001,0,0.88669753329661827,0.097226983708130987,0.061297571334367973,0.036065534200036664,9.771445993389527e-05,9.3553186576053932e-16,0.00097918188737992646,3.7091014140860718e-05,0.0010162729015207872,0.00044609321812184383,0,2.8189256484623115e-18,1.8382986698923737e-18,8.8165772862464693e-09,1.3162832687675294e-20,59,66,0
2.1400000000000001,0.10000000000000001,0,0.88666867779597081,0.097256362347833858,0.061666579487047679,0.036046991555077845,9.4379395849886194e-05,6.5179214746027888e-16,0.00097129163425858337,3.6309258019417315e-05,0.0010076008922780006,0.00042959007367112886,0,2.1684043449710089e-19,5.0207677665750132e-18,9.3541732572624079e-09,1.2135260139618893e-20,58,68,0
2.1600000000000001,0.10000000000000001,0,0.8866432421813959,0.097282259100253676,0.062021660361615272,0.036029106858412208,9.0975086399547322e-05,5.9006051289336921e-16,0.00096360641783707071,3.5627058434312296e-05,0.00099923347627138299,0.00041475479967996556,0,3.903127820947816e-18,3.4022649220361427e-18,7.6858936296409892e-09,1.4827137591237648e-20,59,71,0
2.1800000000000002,0.10000000000000001,0,0.88662024714083987,0.097305671031992502,0.062364512718305454,0.03601201230686546,8.7572331125995717e-05,4.5565903050637531e-16,0.00095612621941512633,3.5015884942597042e-05,0.0009911421043577234,0.00040127500266367726,0,4.3368086899420177e-18,3.2514012070377874e-18,9.8484259799292615e-09,1.311821375831692e-20,57,67,0
2.2000000000000002,0.10000000000000001,0,0.88659907998284615,0.09732722194236576,0.062696504090764105,0.035995702438565091,8.4210528636496917e-05,3.6188887447269491e-16,0.00094884526926087068,3.4457967753336911e-05,0.00098330323701420756,0.0003889179922739489,0,5.6378512969246231e-18,1.9956508830500825e-18,7.8324364282278316e-09,7.8923702759066907e-21,59,67,0
2.2200000000000002,0.10000000000000001,0,0.88657934143868733,0.097347318338688482,0.063018769116140572,0.035980101792766783,8.0911252594795258e-05,7.2377774894538981e-16,0.00094175541505219906,3.3941742606255676e-05,0.00097569715765845474,0.00037750486060776991,0,3.6862873864507151e-18,2.0721945156331867e-18,8.4746750563803944e-09,1.5927023378612563e-20,57,67,0
2.2400000000000002,0.10000000000000001,0,0.8865607595401539,0.097366237119848376,0.063332270875342767,0.035965101679985789,7.7685734751975488e-05,4.1531745434488536e-16,0.00093484780443895972,3.345932772099889e-05,0.00096830713215995861,0.00036689544096234894,0,8.6736173798840355e-19,1.135487021706002e-18,9.2514870507969175e-09,9.3109694445510548e-21,57,67,0
2.2600000000000002,0.10000000000000001,0,0.88654314069499607,0.097384175387847827,0.063637839913298633,0.035950580668955068,7.4539312517218903e-05,7.1712727638934062e-16,0.00092811368786513654,3.3005104270458472e-05,0.00096111879213559503,0.00035697809738025239,0,4.5536491244391186e-18,3.2021647413202614e-18,8.846275502622464e-09,1.0891530939962405e-20,59,69,0
2.2800000000000002,0.10000000000000001,0,0.88652634131570085,0.097401279333385826,0.063936200298895685,0.035936415683063272,7.1473692494938845e-05,7.1712727638934062e-16,0.00092154477028390692,3.2574898121436261e-05,0.00095411966840534314,0.00034766286666574611,0,4.3368086899420177e-18,2.7968870525961109e-18,9.2624501416197679e-09,8.508314347408391e-21,58,68,0
2.3000000000000003,0.10000000000000001,0,0.88651025077104861,0.097417661593383165,0.064227988259887514,0.035922488155345489,6.848853731145077e-05,6.3440789065726784e-16,0.00091513333390760344,3.2165490216433908e-05,0.00094729882412403731,0.00033887725837812425,0,3.2526065174565133e-18,1.897384230023557e-18,7.7794474596443213e-09,1.9658466726757323e-20,58,68,0
2.3199999999999998,0.10000000000000001,0,0.88649478120698677,0.097433411614652354,0.064513765221802633,0.035908687602593803,6.5582268861774651e-05,5.1799187363522983e-16,0.00090887225340452709,3.1774323650543877e-05,0.000940646577055071,0.00033056158066739746,0,1.5178830414797062e-18,4.4259046055028921e-18,9.0531701265249936e-09,9.0112377220106205e-21,60,69,0
2.3399999999999999,0.10000000000000001,0,0.88647986150678681,0.097448601803240886,0.064794028513389224,0.035894912755065844,6.2752888727146683e-05,7.9527237822829716e-16,0.00090275494566341473,3.1399328048468471e-05,0.00093415427371188321,0.00032266692938957815,0,5.8546917314217239e-18,2.0212538357443745e-18,7.1861261832390298e-09,1.9725232598118065e-20,58,66,0
2.3599999999999999,0.10000000000000001,0,0.88646543228526697,0.097463292620960651,0.065069218988212052,0.035881072911222001,5.9997631490338321e-05,7.8719833786478216e-16,0.00089677533749753268,3.103877767480881e-05,0.0009278141151723415,0.00031515246574609167,0,1.0842021724855044e-18,2.1816448012666163e-18,7.2335183819635203e-09,1.0023771161111957e-20,58,67,0
2.3799999999999999,0.10000000000000001,0,0.88645144381753371,0.097477534694198287,0.065339728299418809,0.035867087679672505,5.731386512120018e-05,7.7698781045284474e-16,0.00089092778559495163,3.0691228242174822e-05,0.00092161901383712647,0.00030798423082324639,0,4.5536491244391186e-18,2.3532582305155551e-18,8.1972416200420351e-09,1.3428022865923214e-20,58,68,0
2.3999999999999999,0.10000000000000001,0,0.88643785375978368,0.097491371134433957,0.065605904497648027,0.035852886705216358,5.4698790696638966e-05,7.6036582821736124e-16,0.00088520702960328049,3.0355451443859132e-05,0.0009155624810471396,0.00030113355664228465,0,2.3852447794681098e-18,6.6049066081348258e-19,6.7399167848826492e-09,1.5236531661457251e-20,56,67,0
2.4199999999999999,0.10000000000000001,0,0.88642462602526628,0.097504838682657025,0.065868057014713211,0.035838409308852626,5.2149826455405446e-05,7.3689865553017522e-16,0.00087960813730377516,3.0030400451899084e-05,0.00090963853775567424,0.00029457594862664137,0,4.1199682554449168e-18,3.5686171537802627e-18,9.1709360055403144e-09,8.969061969234791e-21,56,68,0
2.4399999999999999,0.10000000000000001,0,0.88641172900258602,0.097517969523365444,0.06612646059083227,0.03582360452260458,4.9664222302459038e-05,1.0558349089819609e-15,0.00087412648098756643,2.9715160846643292e-05,0.00090384164183420976,0.00028829036486035999,0,1.951563910473908e-18,2.2019947886225869e-18,7.7706597119621811e-09,1.260041133889272e-20,58,66,0
2.46,0.10000000000000001,0,0.88639913558280448,0.09753079125697206,0.066381359700684595,0.035808429566217104,4.7239565567958053e-05,8.4019373782410081e-16,0.00086875768256526121,2.940894721163554e-05,0.00089816662977689669,0.00028225853540897537,0,8.6736173798840355e-19,1.085580328921679e-18,7.0956189330742183e-09,1.3258978538112629e-20,60,67,0
2.48,0.10000000000000001,0,0.88638682197068863,0.097543328110108352,0.066632971486784598,0.035792849886082223,4.4873464970285326e-05,7.1712727638934062e-16,0.00086349759957253926,2.9111070680607115e-05,0.00089260867025314642,0.00027646436855302331,0,1.7347234759768071e-18,4.3326953011040154e-18,6.0273867560495647e-09,1.6272292499901084e-20,60,68,0
2.5,0.10000000000000001,0,0.88637476738943899,0.097555601236249179,0.066881488929295685,0.035776838317549853,4.256369786181935e-05,7.7698781045284474e-16,0.00085834229704908336,2.8820929063769688e-05,0.000887163226112853,0.00027089358642561577,0,5.6378512969246231e-18,2.79085448841217e-18,8.466191208499424e-09,1.4065687877669108e-20,58,66,0
2.52,0.10000000000000001,0,0.88636295339152849,0.097567629417368074,0.067127083507878105,0.035760374522590288,4.0308146425305225e-05,7.6036582821736124e-16,0.00085328803596623011,2.8537987962062618e-05,0.00088182602392829277,0.0002655333447466842,0,3.2526065174565133e-18,4.2595002098577203e-18,7.1621760354116067e-09,1.2763922436029397e-20,59,67,0
2.54,0.10000000000000001,0,0.88635136384092084,0.097579429082041313,0.067369907519448935,0.03574344440642041,3.8104867630339712e-05,1.0141711202174847e-15,0.00084833125047471597,2.826177847749847e-05,0.00087659302895221449,0.00026037199299478077,0,2.1684043449710089e-19,1.333092323287993e-18,5.808374501470278e-09,1.5484824634279662e-20,60,67,0
2.5600000000000001,0.10000000000000001,0,0.88633998444523598,0.097591014781764462,0.067610096455952062,0.035726039308350721,3.5951988553550862e-05,6.1133074006434352e-16,0.0008434685398538811,2.7991884401330585e-05,0.0008714604242552117,0.00025539888415610564,0,2.1684043449710089e-19,3.3834612921847723e-18,7.6274830883962206e-09,7.2044885854305593e-21,58,68,0
2.5800000000000001,0.10000000000000001,0,0.88632880237639555,0.097602399577183863,0.067847770569281929,0.035708155955104903,3.3847798637243187e-05,1.217425218465042e-15,0.00083869666216281025,2.7727931900356149e-05,0.00086642459406316636,0.00025060413696357809,0,1.0842021724855044e-18,1.5439137339536164e-18,7.5981078813921181e-09,2.2203506743870292e-20,58,67,0
2.6000000000000001,0.10000000000000001,0,0.88631780627413936,0.097613595034516831,0.068083036895138171,0.035689795429061588,3.1790662268216252e-05,5.9006051289336921e-16,0.00083401251999706816,2.7469588503897264e-05,0.00086148210850096538,0.00024597864210843087,0,3.2526065174565133e-18,4.0764391485031667e-18,9.8272065713690594e-09,1.1045732925203059e-20,56,62,0
2.6200000000000001,0.10000000000000001,0,0.88630698581287726,0.097624611666552452,0.068315990571565344,0.035670962956482866,2.9778991923246068e-05,7.0816283304461679e-16,0.00082941315950067762,2.7216551958850121e-05,0.00085662971145952771,0.00024151385561234584,0,8.6736173798840355e-19,1.4525122765137533e-18,6.9900238431523021e-09,6.5478644737485756e-21,58,65,0
2.6400000000000001,0.10000000000000001,0,0.88629633195973989,0.097635458669922626,0.068546716441757249,0.035651667350461658,2.781137946494816e-05,6.0871260923252098e-16,0.00082489575435637703,2.696855546665895e-05,0.00085186430982303596,0.00023720175012495624,0,4.3368086899420177e-19,5.1902080285541612e-18,5.3463863019193877e-09,1.0857224212309886e-20,59,69,0
2.6600000000000001,0.10000000000000001,0,0.88628583642273717,0.097646144486947861,0.068775290048469273,0.03563192065177434,2.588643722645223e-05,8.8102136493720836e-16,0.00082045760945995106,2.672535407051318e-05,0.00084718296353046422,0.00023303479697968246,0,4.3368086899420177e-19,1.8512438288201533e-18,6.9480027242790054e-09,1.3860684280152268e-20,56,66,0
2.6800000000000002,0.10000000000000001,0,0.88627549161397901,0.097656676843083767,0.069001778817253223,0.035611737665632859,2.4002830767866357e-05,8.3447157995462713e-16,0.00081609615425560827,2.6486723279156172e-05,0.0008425828775347644,0.00022900582900974481,0,4.3368086899420177e-19,1.3710003708500888e-18,6.8454242057465592e-09,1.0022822931609945e-20,58,66,0
2.7000000000000002,0.10000000000000001,0,0.88626529079445671,0.097667062599514853,0.069226242992396436,0.035591135718989531,2.2159341078520356e-05,4.8288613249258032e-16,0.00081180893120525453,2.6252461897387274e-05,0.00083806139310264177,0.00022510814794161381,0,6.5052130349130266e-19,2.3569292533339586e-18,7.6550742744450741e-09,1.0560264036661602e-20,58,64,0
2.7200000000000002,0.10000000000000001,0,0.88625522774681631,0.097677308086313031,0.069448736458205929,0.035570134156049926,2.0354743663020258e-05,7.8719833786478216e-16,0.00080759359758382618,2.6022384022266273e-05,0.00083361598160609242,0.000221335307122263,0,6.2883726004159257e-18,4.8901211889426119e-18,8.5894942835492772e-09,1.1240240802026064e-20,57,66,0
2.7400000000000002,0.10000000000000001,0,0.88624529679756459,0.097687419079829918,0.069669307651474721,0.035548754038853714,1.8587905390443638e-05,7.8719833786478216e-16,0.00080344791745658303,2.5796319193683239e-05,0.00082924423665026625,0.00021768130411498429,0,8.6736173798840355e-19,3.2670000053213514e-18,8.2468266232933931e-09,4.5894079116081563e-21,58,69,0
2.7600000000000002,0.10000000000000001,0,0.88623549272842184,0.097697400892950648,0.069888000059970201,0.03552701810019232,1.6857712578532968e-05,4.8288613249258032e-16,0.00079936975856919495,2.5574110039161366e-05,0.00082494386860835632,0.00021414036451281276,0,1.951563910473908e-18,1.6998356172052936e-18,5.9915381524971855e-09,1.6859131033560123e-20,59,68,0
2.7800000000000002,0.10000000000000001,0,0.88622581077902007,0.097707258372346728,0.070104852882009849,0.035504950189580775,1.5163089398972929e-05,6.0608316882232415e-16,0.00079535708641534115,2.5355612040892604e-05,0.00082071269845623374,0.00021070702847800107,0,1.7347234759768071e-18,3.5241506376624861e-18,9.5582690849642983e-09,8.4660105201746958e-21,57,63,0
2.8000000000000003,0.10000000000000001,0,0.88621624649699471,0.097716996051102401,0.070319901478302249,0.035482575352221879,1.3503034022255278e-05,7.6036582821736124e-16,0.00079140796226758565,2.5140689890421662e-05,0.00081654865215800734,0.00020737611371569577,0,1.7347234759768071e-18,1.0756601058323588e-18,7.4659133683103081e-09,9.7912924975379766e-21,57,68,0
2.8199999999999998,0.10000000000000001,0,0.88620679575392269,0.097726618132487508,0.070533177971054739,0.035459919269918094,1.1876519459663726e-05,9.6907406013806589e-16,0.00078752053743854679,2.4929217641975559e-05,0.00081244975508052233,0.0002041427273116762,0,4.5536491244391186e-18,1.521427338208437e-18,6.2361695935545026e-09,1.9153139889146425e-20,59,71,0
2.8399999999999999,0.10000000000000001,0,0.88619745479229972,0.097736128442128312,0.070744711615423395,0.035437008278201398,1.0282582656673256e-05,1.2637707681684205e-16,0.00078369304786492385,2.4721079554323333e-05,0.00080841412741924717,0.00020100217882767189,0,2.8189256484623115e-18,1.1635888118250371e-18,5.5250513144498838e-09,9.8004713269943224e-21,57,65,0
2.8599999999999999,0.10000000000000001,0,0.88618822011276299,0.097745530542829862,0.070954528900249114,0.035413869219102612,8.7202928196195018e-06,7.1712727638934062e-16,0.00077992381213728675,2.4516167376223047e-05,0.0008044399795135098,0.00019795000380705565,0,4.3368086899420177e-19,5.0482301617128146e-18,9.727482482607219e-09,5.4315878012320998e-21,58,68,0
2.8799999999999999,0.10000000000000001,0,0.88617908829363423,0.097754827918304033,0.071162654360588107,0.03539052921009378,7.1887179564633641e-06,7.0136431245032408e-16,0.00077621122997450793,2.4314376208583347e-05,0.00080052560618309131,0.00019498207312611146,0,1.3010426069826053e-18,8.6759509287713499e-19,7.9091135097388801e-09,7.4564666341963682e-21,58,68,0
2.8999999999999999,0.10000000000000001,0,0.88617005633259149,0.097764023625303786,0.071369110238867606,0.035367015534635504,5.6869750129084906e-06,5.5663328284296639e-16,0.00077255377206612711,2.4115611936461381e-05,0.00079666938400258847,0.00019209431299501372,0,3.2526065174565133e-18,9.437225726573394e-19,7.0914231208878917e-09,5.3571332271225292e-21,59,71,0
2.9199999999999999,0.10000000000000001,0,0.88616112128446267,0.097773120662395963,0.071573917258812569,0.035343355546904043,4.2141942411255684e-06,9.5579844588743909e-16,0.00076894998303889161,2.3919783084819895e-05,0.00079286976612371154,0.00018928295867480901,0,4.3368086899420177e-18,1.9030885035718807e-18,5.1854068691831675e-09,1.0909617431824738e-20,58,66,0
2.9399999999999999,0.10000000000000001,0,0.88615228040860194,0.097782121819913304,0.071777094612956782,0.03531957645120376,2.7694992765781024e-06,9.9989747629574584e-16,0.00076539847434224618,2.3726803974159951e-05,0.00078912527831640617,0.00018654444492680164,0,2.8189256484623115e-18,1.4376851517091572e-18,6.1877140363070287e-09,7.9512653082257868e-21,58,67,0
2.96,0.10000000000000001,0,0.88614353117840183,0.097791029670269758,0.071978660069681011,0.03529570526928083,1.3521091544177466e-06,5.7636814912971709e-16,0.00076189792127480751,2.3536594809312457e-05,0.00078543451608411999,0.00018387530901673609,0,1.3010426069826053e-18,1.3826069194912036e-18,6.2245613301558803e-09,6.933213172442498e-21,59,67,0
2.98,0.10000000000000001,0,0.88613487117395373,0.097799846677245839,0.07217863018945847,0.035271768979238782,-3.8831701187902468e-08,8.8283230490551011e-16,0.000758447061720872,2.3349079241742436e-05,0.00078179614096261438,0.00018127228010951849,0,1.951563910473908e-18,2.2252656807491203e-18,6.4347647620162944e-09,5.6688429573668498e-21,56,65,0
3,0.10000000000000001,-0,0.88612629808720766,0.097808575190735492,0.072377020530286496,0.035247794009248601,-1.4041023627120452e-06,6.394230508404525e-16,0.00075504469219977446,2.3164184412033723e-05,0.00077820887661180817,0.00017873231136545376,-0,4.3368086899420177e-18,2.1433442052417671e-18,6.427909640147469e-09,6.3263409191984732e-21,57,64,0
3.02,0.099901336421413578,-0.0098631117434188759,0.88616372234981489,0.097770472440736,0.072555501739032913,0.035205132022702257,7.9350193171734418e-07,5.3018158548553144e-16,0.00075071466149702142,2.1901573743189158e-05,0.00077261623524021062,0.0001764907382776903,-0.00020275125127142252,8.6736173798840355e-19,1.6125516555710419e-18,6.3928938813532006e-09,8.7314929694788414e-21,59,66,0
3.04,0.099605735065723899,-0.019687298290813615,0.88631462841671926,0.097616830505261598,0.072684209040313252,0.035115035493537006,8.5477253726207181e-06,5.9006051289336921e-16,0.000744058495832696,1.9080587945992761e-05,0.00076313908377868877,0.00018359952084995995,-0.00037774082670869401,3.903127820947816e-18,8.7099519142280726e-19,8.9460341808813882e-09,8.5499209362524714e-21,58,66,0
3.0600000000000001,0.099114362536434436,-0.029433788066125545,0.88661132485454786,0.097314755075880721,0.072744663353032424,0.034962488467442654,1.9313292930478454e-05,2.3302781561911871e-16,0.0007344813632169133,1.5621381386563568e-05,0.00075010274460347685,0.00021310319115015435,-0.00051099635793991057,1.0842021724855044e-19,2.4948976366565052e-18,6.1115059375685169e-09,6.357555986918963e-21,65,72,0
3.0800000000000001,0.098429158056431557,-0.039064116126959154,0.88706977083938343,0.096847997642826589,0.072725600741413432,0.034740271440177439,3.1535695890871906e-05,8.3255545439509169e-16,0.00072178184582737386,1.2059123171767562e-05,0.00073384096899914138,0.00027303161355983301,-0.00059586489001098406,2.8189256484623115e-18,1.125105315759878e-18,9.0366875441760155e-09,1.2927844425895524e-20,62,70,0
3.1000000000000001,0.097552825814757688,-0.048540275968136704,0.88769742171562782,0.096208967699189851,0.072619980195907541,0.034445212147359738,4.4343005815683512e-05,6.4191593768582026e-16,0.00070597753408579967,8.7110539292144674e-06,0.00071468858801501417,0.00036699471928825899,-0.00062928810236599858,3.1441863002079629e-18,9.5131253106807318e-19,8.0429696724306111e-09,8.2908479068297293e-21,65,72,0
3.1200000000000001,0.096488824294412578,-0.057824869516010707,0.88849699239343238,0.09539490111454918,0.072423360380641233,0.034076330584114523,5.7227095656475768e-05,7.2377774894538981e-16,0.00068721869977665271,5.7721487659375494e-06,0.00069299084854259024,0.00049584129879892203,-0.00061023251972593812,1.1926223897340549e-18,9.9595905209523819e-19,7.7695791933823873e-09,3.0982310725807622e-20,64,71,0
3.1400000000000001,0.095241352623300968,-0.066881254721574995,0.88946835593816953,0.094405927124807665,0.072133011252104584,0.033633920167101872,6.9873206990589409e-05,5.5663328284296639e-16,0.00066574185797478678,3.3665054249884308e-06,0.00066910836339977519,0.00065876992961089046,-0.00053902139031259744,1.0299920638612292e-18,1.1093593976854745e-18,9.891101116308711e-09,1.3893086103265052e-20,64,71,0
3.1600000000000001,0.093815334002193176,-0.075673690169892074,0.89060953478814553,0.093244059144086955,0.07174741628587511,0.033119081609487955,8.2072475828365299e-05,3.6188887447269491e-16,0.00064184246033981043,1.5741789037260799e-06,0.00064341663924353653,0.00085393576856386999,-0.00041704592786540669,1.0842021724855044e-19,5.4102349613081169e-19,9.375243648662479e-09,1.4857477871487296e-20,62,68,0
3.1800000000000002,0.092216396275100754,-0.084167476135129066,0.89191723262224287,0.091912653254530352,0.07126598654274563,0.032533480211362598,9.3674902070350896e-05,1.148572276349208e-15,0.00061585708919594418,4.450168759585047e-07,0.00061630210607190267,0.0010787636283032505,-0.00024662918816455696,3.7947076036992655e-19,4.5910804523067898e-19,7.8051057041374532e-09,2.4023441453812961e-20,66,73,0
3.2000000000000002,0.090450849718747353,-0.092329091524522913,0.89338713008609838,0.090416107118723499,0.070688892235230449,0.031879215261608529,0.00010456482533749423,6.6152092629538019e-16,0.000588150474814167,5.8222184845742307e-09,0.00058815629703265157,0.0013301138798894195,-3.094530305542711e-05,5.4210108624275222e-20,2.3396387612094447e-20,9.687848135481378e-09,2.9685986027575899e-20,62,69,0
3.2200000000000002,0.088525662138789443,-0.10012632617081903,0.89501405613255514,0.08875968553290603,0.070016960453632704,0.031158746558531014,0.00011464734709898394,6.8988457964658533e-16,0.00055910504704861951,2.6416934126514625e-07,0.00055936921638988463,0.0016043828577768737,0.00022604838911676839,8.6736173798840355e-19,2.8945300645192478e-19,7.7521539662862507e-09,8.555263717068291e-21,64,70,0
3.2400000000000002,0.086448431371070555,-0.10752840795108619,0.89679209365065549,0.086949412882966648,0.069251608791466301,0.03037485043276944,0.00012384141773003066,9.9187892283172928e-16,0.00052911191340145253,1.2106183816534277e-06,0.000530322531783106,0.001897576248969825,0.00051968331814398257,1.0570971181733668e-18,5.7383674659762284e-19,6.8285427092495834e-09,2.571209400028891e-20,64,72,0
3.2600000000000002,0.084227355296434422,-0.11450612423022716,0.89871464925686195,0.084992002087933782,0.068394800927556343,0.029530591387333383,0.00013207624044020427,7.1712727638934062e-16,0.00049856274401880298,2.8202370050758205e-06,0.00050138298102387876,0.0022053741851601814,0.00084466295406456383,2.1684043449710089e-19,2.0998587879105823e-19,4.6327588850147465e-09,1.6975846971247535e-20,67,74,0
3.2800000000000002,0.08187119948743446,-0.12103193714990348,0.90077450572765472,0.082894801216795377,0.067449011399167036,0.028629300769140054,0.00013928944063246185,6.3188538408421023e-16,0.0004678423250295798,5.0538911928869361e-06,0.00047289621622246674,0.0025231996208467718,0.001195156717060007,7.589415207398531e-19,5.7593985317600478e-19,9.8843164274090574e-09,3.669966962960249e-20,63,69,0
3.3000000000000003,0.079389262614623632,-0.12708009230788156,0.90296386355764002,0.080665751176958622,0.06641719941448665,0.027674559566967405,0.00014542642472115119,6.8988457964658533e-16,0.00043732174482049034,7.8595507255465522e-06,0.00044518129554603687,0.0028462861188769616,0.0015649061984134831,2.3852447794681098e-18,1.0112731797590804e-18,4.1602463054134964e-09,4.1854972714716662e-20,69,77,0
3.3200000000000003,0.076791339748949791,-0.13262672039889212,0.90527437967539948,0.078313346296496444,0.06530278226783004,0.02667018140109545,0.00015044027279165206,5.7636814912971709e-16,0.0004073522265270045,1.1173697433826175e-05,0.00041852592396083069,0.0031697518684305178,0.0019473383314501571,1.4094628242311558e-18,2.2296298899094425e-18,4.8857725699131972e-09,2.6260406303209846e-20,68,76,0
3.3399999999999999,0.074087683705085783,-0.13764993141587312,0.90769720285644206,0.075846598269173393,0.064109611672033662,0.025620197471940998,0.00015429198859995275,6.8290411765289846e-16,0.000378259660546013,1.4922904358591886e-05,0.00039318256490460487,0.003488673531701732,0.0023356867961933604,3.2526065174565133e-18,2.7305435300080079e-18,6.7646042880970754e-09,3.6588088904566537e-20,67,76,0
3.3599999999999999,0.071288964578253664,-0.14212990103982764,0.91022301024220875,0.073274998973364647,0.062841949123045637,0.024528839078961084,0.00015695062896092793,5.4795794751210232e-16,0.00035033989245783888,1.9025557726320116e-05,0.00036936545018415902,0.0037981652919743605,0.0027231156152441273,2.4936649967166602e-18,2.5214316867304698e-18,5.7369505880544791e-09,3.3277409165431555e-20,68,75,0
3.3799999999999999,0.068406227634233915,-0.1460489488773532,0.91284204400358138,0.070608483143852818,0.061504440465827148,0.023400520058986851,0.00015839395423022928,2.5275415363368409e-16,0.00032385483223502297,2.3393719382459368e-05,0.00034724855161748236,0.0040934551855687021,0.0031028444349140726,1.7347234759768071e-18,1.1775271430350803e-18,7.8689368946019456e-09,2.6786834170055743e-20,69,75,0
3.3999999999999999,0.065450849718747386,-0.14939160823707778,0.91554414873165191,0.067857390303177501,0.06010208883820467,0.022239818268996459,0.00015860840774739593,5.5949516948539586e-16,0.00029902941906937883,2.7935101001339521e-05,0.00032696452007071838,0.004369960491349181,0.0034682728326756781,2.3852447794681098e-18,9.8080859823811204e-19,7.9680719667382325e-09,3.3930699094664945e-20,70,76,0
3.4199999999999999,0.062434494358242755,-0.15214468716962432,0.91831881167214702,0.065032423797777184,0.058640227038624149,0.021051454152731575,0.00015758979016866625,6.0871260923252098e-16,0.00027604945494149848,3.2555065118107733e-05,0.00030860452005960619,0.0046233658701558241,0.003813098325772092,4.9873299934333204e-18,2.9631823860161352e-18,7.4429758433708726e-09,3.5673260347295279e-20,68,75,0
3.4399999999999999,0.059369065729286241,-0.15429732053020817,0.92115520258134398,0.062144610219500351,0.057124486379325878,0.019840271125526332,0.00015534294874441912,6.5179214746027888e-16,0.00025506031462482396,3.7158677780728818e-05,0.00029221899240555277,0.00484968982765738,0.0041314303814813484,4.3368086899420177e-18,4.884253471127747e-18,9.0209228737171653e-09,5.9465711609618805e-20,69,79,0
3.46,0.05626666167821523,-0.15584101285839977,0.92404221676166343,0.05920525558979417,0.055560767228710839,0.018611210308646431,0.0001518823950843462,8.3447157995462713e-16,0.00023616649588734584,4.1652686211236143e-05,0.00027781918209858199,0.00504535578977852,0.0044178930486821035,1.3010426069826053e-18,1.617798519253172e-18,7.1310650722746334e-09,5.8255716077418478e-20,67,76,0
3.48,0.053139525976465679,-0.15676967190582569,0.92696851850394457,0.056225901129838163,0.053955204231205034,0.017369288494680113,0.0001472313494634836,7.3906282657913043e-16,0.00021943197170272766,4.5947437301949554e-05,0.00026537940900467723,0.0052072503565379624,0.004667718156601313,3.903127820947816e-18,3.2146322270444222e-18,8.4355636535700628e-09,3.3956616650868056e-20,66,73,0
3.5,0.050000000000000003,-0.15707963267948966,0.92992258649525184,0.053218277029510874,0.052314132782737888,0.016119574087170907,0.00014142290491014897,6.3440789065726784e-16,0.00020488128739127402,4.9958652580700664e-05,0.00025483993997197469,0.0053327782774046616,0.0048768249125722748,5.4210108624275222e-18,3.6180631575201897e-18,6.1550498236163825e-09,1.4314875920219167e-20,67,74,0
3.52,0.046860474023534333,-0.15676967190582569,0.93289275961076912,0.050194255825306566,0.050644054712190467,0.014867160010032743,0.00013449852990099487,7.6246339310791036e-16,0.00019250129038213084,5.3609062048617452e-05,0.00024611035243074828,0.0054199088068734198,0.0050418867030067585,4.3368086899420177e-19,5.1670827786866706e-18,5.7175030905528421e-09,4.0115903614085316e-20,67,75,0
3.54,0.043733338321784783,-0.15584101285839977,0.93586728531518715,0.047165803121449912,0.048951601565402347,0.01361713893051042,0.00012650826490290257,7.1041454884787645e-16,0.00018224344960795903,5.6829789849872031e-05,0.00023907323945783105,0.0054672161261759529,0.0051603803841472774,6.9388939039072284e-18,2.5112252804388915e-18,7.1756510927579135e-09,2.5007297112670429e-20,66,73,0
3.5600000000000001,0.040630934270713764,-0.15429732053020817,0.93883436699797529,0.044144929396453425,0.047243499086537133,0.012374577911527629,0.00011750986171099598,8.6823903028667379e-16,0.00017402664623510561,5.9561575249364095e-05,0.00023358822148446969,0.0054739015719945175,0.0052306227747545425,4.3368086899420177e-18,9.2145970852212632e-18,9.6732004070134619e-09,4.791432288478183e-20,68,77,0
3.5800000000000001,0.037565505641757257,-0.15214468716962432,0.94178221349604518,0.041143639582627234,0.045526530840112267,0.011144492299288933,0.00010756857134031073,9.0074147771395293e-16,0.00016774032601781397,6.1755700568232028e-05,0.00022949602658604601,0.0054398179486419614,0.0052517887251645155,1.951563910473908e-18,5.2191452858243185e-18,7.9962010269693062e-09,4.5840888950840605e-20,66,72,0
3.6000000000000001,0.034549150281252626,-0.14939160823707778,0.94469908851282924,0.038173882751051935,0.043807502059383774,0.0099318213594699056,9.6756111485518659e-05,8.7191024763507148e-16,0.00016324795695047661,6.3374680377076923e-05,0.00022662263732755352,0.0053654727136857507,0.0052239140416155466,2.8189256484623115e-18,3.2129360058615626e-18,6.3476383601861582e-09,5.5036171922901509e-20,68,76,0
3.6200000000000001,0.031593772365766097,-0.14604894887735323,0.94757335901869821,0.035247502833680389,0.042093205928736666,0.0087414036581496823,8.514988489372044e-05,9.1131806101275061e-16,0.00016039067228229456,6.439273611940228e-05,0.00022478340840169684,0.0052520206490952893,0.0051478846117205745,4.3368086899420177e-18,2.7687121526921823e-18,6.5489763806266016e-09,3.6902840493873666e-20,66,75,0
3.6400000000000001,0.02871103542174637,-0.14212990103982767,0.95039354561467393,0.032376187346550012,0.040390388087065077,0.0075779549070227326,7.2832261372557383e-05,5.0865792220830877e-16,0.00015899104841781095,6.4795945046669466e-05,0.0002237869934644804,0.0051012539609543023,0.0050254076481474202,4.1199682554449168e-18,1.3336300667401992e-18,8.3088754168158772e-09,4.6748426218577717e-20,67,78,0
3.6600000000000001,0.02591231629491423,-0.13764993141587314,0.95314837046588774,0.029571418587309384,0.038705715662354923,0.0064460452174177618,5.988954076707742e-05,4.4141615245275506e-16,0.00015885693638510238,6.4582219585887748e-05,0.00022343915597099011,0.0049155681419692987,0.004858972166565537,3.903127820947816e-18,3.8674718675821191e-18,7.5282227242397663e-09,4.6224778162572646e-20,66,75,0
3.6800000000000002,0.023208660251050159,-0.13262672039889201,0.95582680580818369,0.026844424249209187,0.037045745260873897,0.0053500803582542389,4.6411252461853181e-05,8.7738827166649189e-16,0.00015978531039186603,6.37610169918022e-05,0.00022354632738366822,0.0046979266775316443,0.0046517950984731318,8.6736173798840355e-19,2.7289066992304282e-18,6.8741274604995865e-09,6.4132639690423981e-20,69,79,0
3.7000000000000002,0.020610737385376332,-0.12708009230788148,0.95841812090584966,0.024206129612045713,0.035416895304192675,0.0042942819601334836,3.248880511041996e-05,6.4687289112543114e-16,0.00016156608266413536,6.2352865380625017e-05,0.00022391894804476038,0.0044518096218882485,0.0044077571450783729,2.1684043449710089e-19,1.7648437138823276e-18,8.1950892289017074e-09,4.054370034054208e-20,67,76,0
3.7200000000000002,0.018128800512565497,-0.12103193714990337,0.96091192771528822,0.021667111050625021,0.033825418510235128,0.0032826721331971065,1.821499057164111e-05,5.9276103278213206e-16,0.00016398584447716312,6.0388710693468646e-05,0.00022437455517063177,0.0041811552048884471,0.0041313290953958531,4.1199682554449168e-18,3.6959596187684827e-18,8.9269489071519059e-09,3.1441480382674428e-20,67,75,0
3.7400000000000002,0.015772644703565548,-0.11450612423022702,0.96329822500393403,0.019237551115987017,0.03227737769554806,0.0023190584599139807,3.6828274165845443e-06,4.9270855105275365e-16,0.00016683152561243589,5.7909109047257556e-05,0.00022474063465969344,0.0038902911661299871,0.0038274901803152005,1.7347234759768071e-18,1.3784461894836803e-18,9.8568681412207917e-09,3.4806708016028716e-20,67,78,0
3.7600000000000002,0.013551568628929402,-0.10752840795108604,0.96556744042543696,0.016927195697414965,0.030778623102349689,0.0014070218585604533,-1.1015251690116301e-05,8.1117940090002512e-16,0.00016989391380378211,5.4963298391453909e-05,0.00022485721219523601,0.0035838618176117325,0.0035016403482182618,2.3852447794681098e-18,2.7411794770868079e-18,7.535392308471956e-09,3.7953052447207899e-20,70,77,0
3.7800000000000002,0.011474337861210515,-0.10012632617081887,0.96771047138276767,0.014745312418498635,0.029334773452949658,0.00054990420763334491,-2.5788235887613808e-05,9.1306891384878142e-16,0.00017297105656990827,5.1608138904644769e-05,0.00022457919547455303,0.0032667487829635866,0.0031595069044618781,4.7704895589362195e-18,5.0211603605886866e-18,9.5867364375356583e-09,2.5056528210140688e-20,68,76,0
3.8000000000000003,0.0095491502812526056,-0.092329091524522733,0.96971872317680896,0.012700651796922591,0.027951196471603712,-0.00024919915275889437,-4.0547095583653991e-05,8.209647897378387e-16,0.0001758714744526858,4.7906992360221929e-05,0.00022377846681290772,0.0029439883108389312,0.0028070486784146104,4.9873299934333204e-18,1.1424820733313382e-18,8.5766308702133596e-09,4.4308490594015684e-20,68,75,0
3.8200000000000003,0.007783603724899224,-0.084167476135128885,0.97158414397329584,0.010801411643589831,0.026632993894247337,-0.00098744728179145369,-5.5205856680839993e-05,6.4687289112543114e-16,0.00017841716584628977,4.392856871499299e-05,0.00022234573456128277,0.0026206852903068035,0.0024503592399438856,2.6020852139652106e-18,7.0228777476838278e-19,7.2466953505517584e-09,6.7243834856193247e-20,69,75,0
3.8399999999999999,0.0061846659978068265,-0.075673690169892061,0.97329925884692614,0.0090552024013044186,0.025384986814607435,-0.0016622598648906584,-6.9681709270019709e-05,3.4839755759800029e-16,0.00018044639805486193,3.9745684739882552e-05,0.00022019208279474447,0.0023019322528382456,0.0020955683606251507,3.2526065174565133e-18,1.4549223532322855e-18,6.9972093968782868e-09,3.2068781485174754e-20,67,74,0
3.8599999999999999,0.0047586473766990326,-0.066881254721574981,0.97485720033725132,0.0074690160349139001,0.024211703359445336,-0.0022713213880282135,-8.3895978881143307e-05,6.3440789065726784e-16,0.00018181622562463788,3.5434034116792223e-05,0.0002172502597414301,0.0019927245781181445,0.0017487456212978809,3.0357660829594124e-18,2.8425146205875563e-18,5.561160601344195e-09,3.2712440882222639e-20,70,78,0
