family,source_level,time_step,step,time,initial_h_rms,exact_radius,control_area_mean_radius,control_area_mean_radius_ratio,area_ratio,volume_ratio,registered_energy_ratio,normalized_surface_centroid_drift,minimum_oriented_face_alignment,minimum_triangle_quality,minimum_face_area_ratio,maximum_normalized_cache_residual
C,4,0.0001,0,0,0.075875218725294305,1,0.99999999999999989,0.99999999999999989,1,1,1,0,0.99999999999999978,0.93750343228680921,1,1.8268620098632432e-17
C,4,0.0001,1,0.0001,0.075875218725294305,0.99999959999991994,0.99999960000000176,0.99999960000000176,0.99999919993225339,0.99999879999374774,0.99999919993225317,4.5285783277181467e-16,0.99999999999928357,0.93750342977582146,0.99999919672697246,4.5842971570133829e-17
C,4,0.0001,2,0.00020000000000000001,0.075875218725294305,0.99999919999968001,0.9999991999998411,0.9999991999998411,0.99999839986453198,0.99999759998797277,0.99999839986453198,5.1292845638771294e-16,0.99999999999713518,0.93750342726365665,0.99999839345377928,4.3199865208502375e-17
C,4,0.0001,3,0.00030000000000000003,0.075875218725294305,0.99999879999927999,0.99999879999951846,0.99999879999951846,0.99999759979683589,0.99999639998267853,0.99999759979683578,9.2614559571789998e-16,0.99999999999355615,0.93750342475031478,0.999997590180419,1.8942990704364245e-17
C,4,0.0001,4,0.00040000000000000002,0.075875218725294305,0.99999839999871998,0.99999839999903806,0.99999839999903806,0.99999679972915678,0.99999519997786779,0.99999679972915656,2.4658591570817224e-16,0.99999999998854716,0.9375034222357963,0.9999967869068922,1.3880580086191846e-17
C,4,0.0001,5,0.00050000000000000001,0.075875218725294305,0.99999799999799999,0.99999799999840044,0.99999799999840044,0.99999599966150776,0.99999399997352978,0.99999599966150776,5.2359168379209607e-16,0.99999999998210987,0.93750341972010154,0.99999598363319642,2.6617928313164852e-17
C,4,0.0001,6,0.00060000000000000006,0.075875218725294305,0.99999759999712001,0.99999759999760007,0.99999759999760007,0.99999519959388217,0.99999279996967805,0.99999519959388206,7.5788749348029815e-16,0.9999999999742456,0.93750341720323116,0.99999518035933466,3.7838373101396338e-17
C,4,0.0001,7,0.00069999999999999999,0.075875218725294305,0.99999719999607994,0.99999719999663927,0.99999719999663927,0.99999439952628077,0.99999159996630271,0.99999439952628077,4.2911018138589692e-16,0.99999999996495548,0.93750341468518494,0.99999437708530559,4.5353425554527875e-17
C,4,0.0001,8,0.00080000000000000004,0.075875218725294305,0.99999679999488,0.9999967999955186,0.9999967999955186,0.99999359945870625,0.99999039996340844,0.99999359945870614,2.9261562892218561e-16,0.99999999995424094,0.93750341216596345,0.99999357381111098,4.3055306375627553e-18
C,4,0.0001,9,0.00090000000000000008,0.075875218725294305,0.99999639999351997,0.99999639999423751,0.99999639999423751,0.9999927993911536,0.99998919996098601,0.99999279939115349,3.7050378280367981e-16,0.9999999999421022,0.93750340964556722,0.99999277053674962,2.3545938543591838e-17
C,4,0.0001,10,0.001,0.075875218725294305,0.99999599999199995,0.99999599999279931,0.99999599999279931,0.99999199932362826,0.99998799995905552,0.99999199932362826,3.9986330894627717e-16,0.99999999992854161,0.93750340712399594,0.99999196726222206,4.0247272646413199e-17
C,4,0.0001,11,0.0011000000000000001,0.075875218725294305,0.99999559999031995,0.99999559999119914,0.99999559999119914,0.99999119925612578,0.9999867999576042,0.99999119925612556,8.0913393496438665e-16,0.99999999991355992,0.93750340460125081,0.99999116398752685,3.982194708264692e-17
C,4,0.0001,12,0.0012000000000000001,0.075875218725294305,0.99999519998847997,0.99999519998943665,0.99999519998943665,0.99999039918864918,0.99998559995662584,0.99999039918864896,6.5617525203464515e-16,0.99999999989715838,0.93750340207733163,0.99999036071266434,3.1051290013622237e-17
C,4,0.0001,13,0.0013000000000000002,0.075875218725294305,0.99999479998648,0.9999947999875205,0.9999947999875205,0.99998959912119567,0.99998439995613098,0.99998959912119556,8.7750407215640918e-16,0.99999999987933808,0.93750339955223883,0.99998955743763684,5.3097731639374789e-17
C,4,0.0001,14,0.0014,0.075875218725294305,0.99999439998431994,0.99999439998543771,0.99999439998543771,0.99998879905376836,0.99998319995611906,0.99998879905376825,9.7557924381099956e-16,0.99999999986010013,0.93750339702597252,0.99998875416244171,3.3802511508316614e-17
C,4,0.0001,15,0.0015,0.075875218725294305,0.99999399998199989,0.99999399998319793,0.99999399998319793,0.99998799898636548,0.99998199995658132,0.99998799898636537,9.8958921869665182e-16,0.99999999983944632,0.93750339449853326,0.99998795088708026,3.6478330403171304e-17
C,4,0.0001,16,0.0016000000000000001,0.075875218725294305,0.99999359997951986,0.99999359998080073,0.99999359998080073,0.99998719891898891,0.99998079995752565,0.99998719891898891,7.2772937253387478e-16,0.99999999981737742,0.93750339196992072,0.99998714761155205,9.539502114221318e-18
C,4,0.0001,17,0.0017000000000000001,0.075875218725294305,0.99999319997687985,0.99999319997823954,0.99999319997823954,0.99998639885163698,0.99997959995894958,0.99998639885163676,3.485526937886544e-16,0.99999999979389453,0.93750338944013634,0.99998634433585709,3.1219036049278897e-17
C,4,0.0001,18,0.0018000000000000002,0.075875218725294305,0.99999279997407986,0.9999927999755216,0.9999927999755216,0.9999855987843107,0.99997839996085691,0.99998559878431059,7.2128584071748279e-16,0.99999999976899911,0.93750338690917989,0.99998554105999649,1.0090378883766251e-17
C,4,0.0001,19,0.0019,0.075875218725294305,0.99999239997111977,0.99999239997264078,0.99999239997264078,0.9999847987170003,0.99997719996323864,0.9999847987170003,5.1761183334490228e-16,0.99999999974269216,0.93750338437705161,0.99998473778396935,1.3256989810014106e-17
C,4,0.0001,20,0.002,0.075875218725294305,0.9999919999679997,0.99999199996959698,0.99999199996959698,0.99998399864972287,0.99997599996609976,0.99998399864972265,5.2558030411475617e-16,0.99999999971497477,0.93750338184375204,0.9999839345077749,8.2506448010852262e-18
C,4,0.0001,21,0.0021000000000000003,0.075875218725294305,0.99999159996471965,0.99999159996639531,0.99999159996639531,0.99998319858246543,0.99997479996944516,0.99998319858246543,5.1302210769974482e-16,0.99999999968584885,0.93750337930928151,0.99998313123141391,3.7737580360479317e-17
C,4,0.0001,22,0.0022000000000000001,0.075875218725294305,0.99999119996127972,0.99999119996303476,0.99999119996303476,0.99998239851523685,0.9999735999732714,0.99998239851523674,4.032721258203336e-16,0.99999999965531483,0.93750337677364004,0.99998232795488651,6.0339923983550097e-17
C,4,0.0001,23,0.0023,0.075875218725294305,0.99999079995767959,0.99999079995951923,0.99999079995951923,0.99998159844802736,0.99997239997757292,0.99998159844802725,8.8271163231671705e-16,0.99999999962337416,0.93750337423682795,0.99998152467819368,5.7697133049012645e-17
C,4,0.0001,24,0.0024000000000000002,0.075875218725294305,0.99999039995391958,0.99999039995583905,0.99999039995583905,0.99998079838084986,0.99997119998235884,0.99998079838084963,9.896255488429279e-16,0.99999999959002828,0.93750337169884579,0.9999807214013342,3.4739311211614927e-17
C,4,0.0001,25,0.0025000000000000001,0.075875218725294305,0.99998999994999949,0.99998999995199855,0.99998999995199855,0.99997999831369433,0.99996999998762193,0.99997999831369422,5.2951371793867048e-16,0.99999999955527819,0.93750336915969423,0.99997991812430898,1.3520069427384728e-17
C,4,0.0001,26,0.0026000000000000003,0.075875218725294305,0.99998959994591941,0.99998959994799774,0.99998959994799774,0.99997919824655934,0.99996879999336574,0.99997919824655923,1.0235633121759064e-15,0.99999999951912466,0.93750336661937261,0.99997911484711566,5.8070600483457465e-18
C,4,0.0001,27,0.0027000000000000001,0.075875218725294305,0.99998919994167934,0.99998919994383739,0.99998919994383739,0.99997839817945433,0.99996759999958573,0.99997839817945411,3.1269888955126484e-16,0.99999999948156992,0.93750336407788226,0.99997831156975647,2.1068812135565432e-17
C,4,0.0001,28,0.0028,0.075875218725294305,0.99998879993727929,0.99998879993951861,0.99998879993951861,0.99997759811236486,0.99996640000629122,0.99997759811236475,3.0881512067819343e-16,0.9999999994426142,0.93750336153522318,0.99997750829223231,3.6687872444830297e-17
C,4,0.0001,29,0.0029000000000000002,0.075875218725294305,0.99998839993271926,0.99998839993503763,0.99998839993503763,0.9999767980453097,0.99996520001347688,0.9999767980453097,9.4811483463246246e-16,0.99999999940225903,0.93750335899139559,0.99997670501453961,3.911073698921949e-17
C,4,0.0001,30,0.0030000000000000001,0.075875218725294305,0.99998799992799914,0.99998799993039866,0.99998799993039866,0.99997599797827486,0.99996400002113184,0.99997599797827463,5.3708890382887181e-16,0.99999999936050565,0.9375033564463997,0.99997590173668216,2.8098659075348527e-17
C,4,0.0001,31,0.0031000000000000003,0.075875218725294305,0.99998759992311903,0.99998759992559771,0.99998759992559771,0.99997519791126765,0.99996280002927762,0.99997519791126754,3.4349454733045358e-16,0.99999999931735528,0.93750335390023609,0.99997509845865806,1.2753492391882441e-17
C,4,0.0001,32,0.0032000000000000002,0.075875218725294305,0.99998719991807894,0.99998719992063534,0.99998719992063534,0.99997439784428099,0.99996160003790402,0.99997439784428099,5.7747962041647107e-16,0.99999999927280903,0.93750335135290475,0.99997429518046821,4.4057942118016998e-17
C,4,0.0001,33,0.0033,0.075875218725294305,0.99998679991287887,0.99998679991551365,0.99998679991551365,0.9999735977773192,0.99996040004700426,0.99997359777731898,8.1197498362290331e-16,0.99999999922686822,0.93750334880440678,0.99997349190211271,3.5110172309680132e-17
C,4,0.0001,34,0.0034000000000000002,0.075875218725294305,0.9999863999075187,0.99998639991023386,0.99998639991023386,0.99997279771038139,0.99995920005658567,0.99997279771038128,9.6697776002366898e-16,0.99999999917953375,0.9375033462547413,0.99997268862359046,5.3620216118728918e-17
C,4,0.0001,35,0.0035000000000000001,0.075875218725294305,0.99998599990199866,0.99998599990479342,0.99998599990479342,0.999971997643474,0.99995800006665014,0.99997199764347389,2.2473322851718399e-16,0.99999999913080717,0.93750334370390964,0.99997188534490211,2.6025218929573772e-17
C,4,0.0001,36,0.0036000000000000003,0.075875218725294305,0.99998559989631852,0.99998559989919789,0.99998559989919789,0.99997119757658581,0.99995680007719356,0.99997119757658581,5.8345728061050785e-16,0.99999999908068959,0.9375033411519117,0.9999710820660469,2.7838254120510791e-17
C,4,0.0001,37,0.0037000000000000002,0.075875218725294305,0.9999851998904784,0.99998519989343237,0.99998519989343237,0.99997039750972216,0.99995560008821571,0.99997039750972216,6.2860261409133156e-16,0.99999999902918202,0.93750333859874802,0.99997027878702616,7.6860862582823515e-17
C,4,0.0001,38,0.0038,0.075875218725294305,0.9999847998844783,0.99998479988751132,0.99998479988751132,0.99996959744288572,0.99995440009971648,0.9999695974428856,4.5161610220098557e-16,0.99999999897628578,0.93750333604441871,0.99996947550783943,2.2140279842333813e-17
C,4,0.0001,39,0.0039000000000000003,0.075875218725294305,0.99998439987831811,0.99998439988143339,0.99998439988143339,0.99996879737606958,0.99995320011170008,0.99996879737606947,4.1721164668334775e-16,0.99999999892200186,0.93750333348892412,0.99996867222848707,4.1547614512679847e-17
C,4,0.0001,40,0.0040000000000000001,0.075875218725294305,0.99998399987199793,0.99998399987519093,0.99998399987519093,0.99996799730927854,0.99995200012416208,0.99996799730927843,1.4811815400036014e-16,0.99999999886633173,0.93750333093226446,0.99996786894896894,3.7453457438855709e-17
C,4,0.0001,41,0.0041000000000000003,0.075875218725294305,0.99998359986551777,0.99998359986878838,0.99998359986878838,0.99996719724251126,0.99995080013709936,0.99996719724251126,3.3544099438232492e-16,0.99999999880927648,0.93750332837444006,0.99996706566928506,7.2599483446382727e-17
C,4,0.0001,42,0.0042000000000000006,0.075875218725294305,0.99998319985887762,0.99998319986223028,0.99998319986223028,0.99996639717577362,0.9999496001505227,0.99996639717577351,7.7967116419397367e-16,0.99999999875083734,0.93750332581545159,0.99996626238943409,4.7877487087440085e-17
C,4,0.0001,43,0.0043,0.075875218725294305,0.9999827998520775,0.99998279985551164,0.99998279985551164,0.9999655971090573,0.99994840016442454,0.99996559710905719,8.2578607923351185e-16,0.99999999869101508,0.93750332325529884,0.99996545910941792,1.7546621562548531e-17
C,4,0.0001,44,0.0044000000000000003,0.075875218725294305,0.99998239984511728,0.9999823998486288,0.9999823998486288,0.99996479704236185,0.99994720017881034,0.99996479704236185,3.6979935975713175e-16,0.99999999862981148,0.93750332069398257,0.99996465582923566,2.6571729667958041e-17
C,4,0.0001,45,0.0045000000000000005,0.075875218725294305,0.99998199983799707,0.99998199984158787,0.99998199984158787,0.9999639969756916,0.9999460001936703,0.99996399697569149,1.0505084182375418e-15,0.99999999856722743,0.93750331813150334,0.99996385254888831,1.4765919762470159e-17
C,4,0.0001,46,0.0045999999999999999,0.075875218725294305,0.99998159983071688,0.99998159983438883,0.99998159983438883,0.99996319690905011,0.99994480020901066,0.99996319690905,4.4638558800728819e-16,0.99999999850326415,0.93750331556786082,0.99996304926837465,2.1537008277449774e-17
C,4,0.0001,47,0.0047000000000000002,0.075875218725294305,0.99998119982327671,0.99998119982702838,0.99998119982702838,0.99996239684242649,0.99994360022482998,0.99996239684242649,4.1968257400329957e-16,0.99999999843792287,0.93750331300305512,0.99996224598769545,3.4358440338717135e-17
C,4,0.0001,48,0.0048000000000000004,0.075875218725294305,0.99998079981567645,0.9999807998195106,0.9999807998195106,0.99996159677583729,0.99994240024113379,0.99996159677583718,5.4965947002546121e-16,0.99999999837120479,0.93750331043708734,0.99996144270684983,3.0039032088745183e-17
C,4,0.0001,49,0.0048999999999999998,0.075875218725294305,0.9999803998079162,0.99998039981182885,0.99998039981182885,0.9999607967092663,0.99994120025791366,0.9999607967092663,3.0398515822890685e-16,0.99999999830311082,0.93750330786995728,0.99996063942583724,3.0464488252598121e-17
C,4,0.0001,50,0.0050000000000000001,0.075875218725294305,0.99997999979999597,0.99997999980399199,0.99997999980399199,0.99995999664271928,0.99994000027517405,0.99995999664271917,1.8359121030756323e-16,0.99999999823364261,0.93750330530166559,0.99995983614466011,4.3577521002297577e-17
C,4,0.0001,51,0.0051000000000000004,0.075875218725294305,0.99997959979191575,0.99997959979598572,0.99997959979598572,0.99995919657619803,0.99993880029291882,0.99995919657619792,3.0803159049774397e-16,0.99999999816280061,0.93750330273221272,0.999959032863317,8.3677266504876568e-18
C,4,0.0001,52,0.0052000000000000006,0.075875218725294305,0.99997919978367555,0.99997919978782923,0.99997919978782923,0.99995839650969698,0.99993760031113865,0.99995839650969676,1.0576533466753835e-15,0.99999999809058704,0.93750330016159922,0.99995822958180836,4.2606471108072717e-17
C,4,0.0001,53,0.0053,0.075875218725294305,0.99997879977527526,0.99997879977950266,0.99997879977950266,0.99995759644322346,0.99993640032983788,0.99995759644322346,5.3302478310686296e-16,0.99999999801700223,0.93750329758982442,0.9999574263001344,4.4467597374808507e-18
C,4,0.0001,54,0.0054000000000000003,0.075875218725294305,0.99997839976671499,0.99997839977102509,0.99997839977102509,0.99995679637677604,0.99993520034901928,0.99995679637677604,6.4287589530396552e-16,0.99999999794204752,0.93750329501688978,0.99995662301829491,3.5443386914047767e-17
C,4,0.0001,55,0.0055000000000000005,0.075875218725294305,0.99997799975799462,0.99997799976238555,0.99997799976238555,0.99995599631034859,0.99993400036867752,0.99995599631034859,5.9350820823611814e-16,0.99999999786572435,0.93750329244279418,0.99995581973628955,3.6336989855726118e-17
C,4,0.0001,56,0.0055999999999999999,0.075875218725294305,0.99997759974911438,0.99997759975358302,0.99997759975358302,0.99995519624394502,0.9999328003888156,0.99995519624394491,3.0686691002870217e-16,0.99999999778803372,0.93750328986753928,0.99995501645411755,2.3845501879407795e-17
C,4,0.0001,57,0.0057000000000000002,0.075875218725294305,0.99997719974007404,0.99997719974462329,0.99997719974462329,0.99995439617756998,0.99993160040943863,0.99995439617756987,1.0461284223145863e-16,0.99999999770897674,0.93750328729112464,0.9999542131717809,1.3353170001201153e-17
C,4,0.0001,58,0.0058000000000000005,0.075875218725294305,0.99997679973087372,0.99997679973550291,0.99997679973550291,0.99995359611121659,0.99993040043053805,0.99995359611121637,5.9730833447482812e-16,0.99999999762855463,0.93750328471355093,0.99995340988927961,8.8566028322072482e-18
C,4,0.0001,59,0.0058999999999999999,0.075875218725294305,0.99997639972151342,0.9999763997262201,0.9999763997262201,0.99995279604488974,0.99992920045211653,0.99995279604488951,7.9174026476853458e-16,0.99999999754676849,0.93750328213481804,0.99995260660661234,6.304646307180171e-18
C,4,0.0001,60,0.0060000000000000001,0.075875218725294305,0.99997599971199302,0.99997599971678053,0.99997599971678053,0.99995199597858919,0.9999280004741814,0.99995199597858919,9.6004883497560872e-16,0.99999999746361978,0.93750327955492707,0.99995180332378009,3.4386786813277146e-17
C,4,0.0001,61,0.0061000000000000004,0.075875218725294305,0.99997559970231276,0.99997559970718197,0.99997559970718197,0.9999511959123043,0.99992680049672023,0.9999511959123043,6.573879716042368e-16,0.99999999737910927,0.93750327697387748,0.9999510000407803,3.1488070883124632e-18
C,4,0.0001,62,0.0062000000000000006,0.075875218725294305,0.99997519969247239,0.99997519969742055,0.99997519969742055,0.99995039584604895,0.99992560051973645,0.99995039584604883,5.2418293395655843e-16,0.99999999729323852,0.93750327439167047,0.99995019675761621,2.6630828339564678e-17
C,4,0.0001,63,0.0063,0.075875218725294305,0.99997479968247205,0.99997479968749914,0.99997479968749914,0.99994959577981823,0.99992440054323795,0.99994959577981812,6.2948020621542569e-16,0.99999999720600863,0.93750327180830562,0.99994939347428746,2.3416532775148754e-17
C,4,0.0001,64,0.0064000000000000003,0.075875218725294305,0.99997439967231161,0.99997439967741997,0.99997439967741997,0.99994879571360995,0.99992320056721817,0.99994879571360984,2.0729612035961104e-16,0.99999999711742027,0.93750326922378313,0.99994859019079185,1.8266098667882611e-17
C,4,0.0001,65,0.0065000000000000006,0.075875218725294305,0.99997399966199119,0.99997399966717748,0.99997399966717748,0.99994799564742565,0.99992200059167535,0.99994799564742554,3.3358562585793225e-16,0.99999999702747533,0.93750326663810435,0.99994778690713193,3.4292219463939488e-17
C,4,0.0001,66,0.0066,0.075875218725294305,0.99997359965151078,0.99997359965677701,0.99997359965677701,0.9999471955812651,0.99992080061661726,0.99994719558126499,6.871230420544027e-16,0.99999999693617425,0.9375032640512686,0.99994698362330603,2.9560207110425023e-17
C,4,0.0001,67,0.0067000000000000002,0.075875218725294305,0.99997319964087039,0.99997319964621545,0.99997319964621545,0.99994639551512954,0.99991960064203733,0.99994639551512932,4.7748324231823563e-16,0.99999999684351903,0.93750326146327656,0.99994618033931393,1.9780542856286614e-17
C,4,0.0001,68,0.0068000000000000005,0.075875218725294305,0.99997279963006991,0.99997279963549535,0.99997279963549535,0.99994559544902117,0.99991840066793969,0.99994559544902117,7.3246680442880074e-16,0.99999999674951001,0.93750325887412878,0.99994537705515629,1.2851589673289003e-17
C,4,0.0001,69,0.0069000000000000008,0.075875218725294305,0.99997239961910944,0.99997239962461171,0.99997239962461171,0.99994479538293135,0.99991720069431522,0.99994479538293113,7.2058555615467075e-16,0.99999999665414907,0.93750325628382492,0.99994457377083379,7.4112620018634134e-17
C,4,0.0001,70,0.0070000000000000001,0.075875218725294305,0.9999719996079891,0.99997199961357075,0.99997199961357075,0.99994399531686962,0.99991600072117259,0.99994399531686939,2.9594825483764713e-16,0.99999999655743688,0.93750325369236598,0.99994377048634697,2.0552028021852752e-17
C,4,0.0001,71,0.0071000000000000004,0.075875218725294305,0.99997159959670856,0.99997159960237147,0.99997159960237147,0.99994319525083186,0.99991480074851036,0.99994319525083175,4.9070842205179667e-16,0.99999999645937465,0.9375032510997523,0.9999429672016944,4.1673866146715441e-17
C,4,0.0001,72,0.0072000000000000007,0.075875218725294305,0.99997119958526803,0.99997119959100911,0.99997119959100911,0.99994239518481498,0.99991360077632996,0.99994239518481487,5.814379964098533e-16,0.99999999635996351,0.93750324850598354,0.99994216391687718,5.2358240297004397e-17
C,4,0.0001,73,0.0073000000000000001,0.075875218725294305,0.99997079957366752,0.99997079957949164,0.99997079957949164,0.99994159511881964,0.99991240080463084,0.99994159511881953,3.8974995284801711e-16,0.99999999625920499,0.9375032459110606,0.99994136063189332,5.2401015807585117e-17
C,4,0.0001,74,0.0074000000000000003,0.075875218725294305,0.99997039956190703,0.99997039956780664,0.99997039956780664,0.99994079505285716,0.99991120083340945,0.99994079505285705,7.4069749039913359e-16,0.99999999615709967,0.93750324331498358,0.99994055734674403,5.1586459077825139e-17
C,4,0.0001,75,0.0075000000000000006,0.075875218725294305,0.99996999954998655,0.99996999955596866,0.99996999955596866,0.99993999498691355,0.99991000086266579,0.99993999498691344,7.7743978633175321e-16,0.99999999605364953,0.93750324071775226,0.99993975406143065,8.0113541037681157e-17
C,4,0.0001,76,0.0076,0.075875218725294305,0.99996959953790598,0.99996959954396814,0.99996959954396814,0.99993919492099226,0.99990880089240208,0.99993919492099215,9.8978514307304231e-16,0.99999999594885514,0.93750323811936831,0.99993895077595196,4.764581676350202e-17
C,4,0.0001,77,0.0077000000000000002,0.075875218725294305,0.99996919952566543,0.99996919953180685,0.99996919953180685,0.99993839485509772,0.99990760092262043,0.99993839485509772,9.293847629635081e-16,0.99999999584271748,0.93750323551983106,0.99993814749030796,1.3470580256768532e-17
C,4,0.0001,78,0.0078000000000000005,0.075875218725294305,0.99996879951326478,0.99996879951948536,0.99996879951948536,0.99993759478922695,0.99990640095332306,0.99993759478922684,7.1083564484040143e-16,0.99999999573523846,0.93750323291914095,0.9999373442044992,1.5570493446727053e-17
C,4,0.0001,79,0.0079000000000000008,0.075875218725294305,0.99996839950070415,0.99996839950700322,0.99996839950700322,0.9999367947233786,0.99990520098449853,0.99993679472337849,4.1624168147325358e-16,0.99999999562641828,0.93750323031729876,0.99993654091852491,1.2585100927030684e-17
C,4,0.0001,80,0.0080000000000000002,0.075875218725294305,0.99996799948798365,0.99996799949435988,0.99996799949435988,0.99993599465755656,0.99990400101615573,0.99993599465755645,7.3690265356905051e-16,0.99999999551625895,0.93750322771430439,0.99993573763238663,3.1031668930619088e-17
C,4,0.0001,81,0.0080999999999999996,0.075875218725294305,0.99996759947510305,0.99996759948156311,0.99996759948156311,0.99993519459175673,0.99990280104829732,0.99993519459175662,1.0672223061739627e-15,0.99999999540476092,0.93750322511015771,0.99993493434608205,3.2538695779800692e-17
C,4,0.0001,82,0.0082000000000000007,0.075875218725294305,0.99996719946206236,0.99996719946860269,0.99996719946860269,0.99993439452598187,0.99990160108091419,0.99993439452598187,6.6008358910399257e-16,0.99999999529192596,0.93750322250486051,0.99993413105961459,1.0586769396044298e-17
C,4,0.0001,83,0.0083000000000000001,0.075875218725294305,0.99996679944886169,0.99996679945547784,0.99996679945547784,0.99993359446022689,0.99990040111401113,0.99993359446022689,3.6175773168670911e-16,0.99999999517775473,0.93750321989841123,0.99993332777298127,7.3658080778814205e-17
C,4,0.0001,84,0.0084000000000000012,0.075875218725294305,0.99996639943550103,0.99996639944219623,0.99996639944219623,0.999932794394499,0.99989920114759001,0.99993279439449878,8.0049951847963358e-16,0.99999999506224879,0.93750321729081088,0.99993252448618164,3.1954322966719976e-17
C,4,0.0001,85,0.0085000000000000006,0.075875218725294305,0.99996599942198039,0.99996599942876119,0.99996599942876119,0.99993199432879776,0.99989800118164796,0.99993199432879754,8.7160237221041495e-16,0.99999999494540892,0.93750321468206055,0.99993172119921736,2.4923081370030018e-17
C,4,0.0001,86,0.0086,0.075875218725294305,0.99996559940829965,0.99996559941515961,0.99996559941515961,0.99993119426311838,0.99989680121618696,0.99993119426311838,4.7052280977054865e-16,0.99999999482723667,0.9375032120721597,0.9999309179120891,1.8814506642572053e-17
C,4,0.0001,87,0.0087000000000000011,0.075875218725294305,0.99996519939445894,0.99996519940139372,0.99996519940139372,0.9999303941974621,0.99989560125120136,0.99993039419746199,4.2704561559256215e-16,0.99999999470773249,0.93750320946110877,0.99993011462479486,8.9149787626545275e-18
C,4,0.0001,88,0.0088000000000000005,0.075875218725294305,0.99996479938045812,0.99996479938747429,0.99996479938747429,0.99992959413183247,0.99989440128669815,0.99992959413183236,6.9233174599040878e-16,0.99999999458689848,0.93750320684890842,0.99992931133733676,2.3724427265743423e-17
C,4,0.0001,89,0.0088999999999999999,0.075875218725294305,0.99996439936629744,0.99996439937339276,0.99996439937339276,0.99992879406621826,0.99989320132267756,0.99992879406621826,3.6928902834583196e-16,0.9999999944647352,0.937503204235559,0.99992850804971289,1.3048404706773599e-17
C,4,0.0001,90,0.0090000000000000011,0.075875218725294305,0.99996399935197666,0.99996399935915259,0.99996399935915259,0.99992799400063803,0.99989200135913636,0.99992799400063792,3.0617691696742713e-16,0.99999999434124376,0.93750320162106038,0.99992770476192483,4.2297511098057584e-17
C,4,0.0001,91,0.0091000000000000004,0.075875218725294305,0.9999635993374959,0.9999635993447511,0.9999635993447511,0.99992719393507412,0.99989080139607345,0.99992719393507412,5.314654488735059e-16,0.9999999942164256,0.9375031990054129,0.99992690147397123,1.7701295329422158e-17
C,4,0.0001,92,0.0091999999999999998,0.075875218725294305,0.99996319932285505,0.99996319933018962,0.99996319933018962,0.99992639386953808,0.99988960143348959,0.99992639386953808,7.4972398735893743e-16,0.9999999940902814,0.93750319638861723,0.9999260981858541,9.5808935903717594e-18
C,4,0.0001,93,0.009300000000000001,0.075875218725294305,0.99996279930805421,0.99996279931546384,0.99996279931546384,0.99992559380402657,0.99988840147138514,0.99992559380402657,1.4104528985602342e-16,0.99999999396281292,0.93750319377067348,0.99992529489757143,2.3798483500347373e-17
C,4,0.0001,94,0.0094000000000000004,0.075875218725294305,0.99996239929309338,0.99996239930058595,0.99996239930058595,0.99992479373853549,0.99988720150976418,0.99992479373853538,7.1896187741401585e-16,0.99999999383402105,0.93750319115158198,0.99992449160912455,4.313817208369269e-17
C,4,0.0001,95,0.0094999999999999998,0.075875218725294305,0.99996199927797258,0.99996199928554108,0.99996199928554108,0.99992399367307117,0.99988600154861662,0.99992399367307117,3.7054490619834909e-16,0.99999999370390658,0.9375031885313434,0.99992368832051415,8.5504896994513718e-18
C,4,0.0001,96,0.0096000000000000009,0.075875218725294305,0.99996159926269168,0.99996159927034045,0.99996159927034045,0.99992319360762649,0.99988480158795856,0.99992319360762638,7.2940847906937392e-16,0.99999999357247116,0.93750318590995785,0.99992288503173765,3.5683943045945999e-17
C,4,0.0001,97,0.0097000000000000003,0.075875218725294305,0.9999611992472508,0.99996119925498317,0.99996119925498317,0.9999223935422149,0.99988360162777301,0.99992239354221479,1.1044867570450272e-15,0.9999999934397158,0.93750318328742555,0.99992208174279651,1.7231796683799516e-17
C,4,0.0001,98,0.0097999999999999997,0.075875218725294305,0.99996079923164982,0.99996079923946291,0.99996079923946291,0.99992159347681597,0.9998824016680673,0.99992159347681608,4.2784184633045166e-16,0.99999999330564138,0.9375031806637466,0.99992127845369061,3.4503527433765178e-19
C,4,0.0001,99,0.0099000000000000008,0.075875218725294305,0.99996039921588897,0.99996039922377911,0.99996039922377911,0.99992079341144691,0.9998812017088432,0.99992079341144691,3.5302052231223535e-16,0.99999999317024924,0.93750317803892169,0.99992047516442006,3.9326459073719826e-17
C,4,0.0001,100,0.01,0.075875218725294305,0.99995999919996803,0.99995999920793543,0.99995999920793543,0.99991999334610171,0.99988000175010017,0.99991999334610171,8.0933223595730339e-16,0.9999999930335407,0.93750317541295058,0.99991967187498521,8.902866022592249e-19
C,4,0.0001,101,0.010100000000000001,0.075875218725294305,0.99995959918388699,0.99995959919193322,0.99995959919193322,0.99991919328077905,0.99987880179184019,0.99991919328077894,3.5374631982781928e-16,0.99999999289551655,0.93750317278583462,0.99991886858538614,2.0745842009459549e-17
C,4,0.0001,102,0.010200000000000001,0.075875218725294305,0.99995919916764608,0.9999591991757758,0.9999591991757758,0.99991839321547693,0.99987760183405339,0.99991839321547682,6.3337345949002573e-16,0.99999999275617812,0.9375031701575729,0.99991806529562277,2.8710244964516224e-17
C,4,0.0001,103,0.0103,0.075875218725294305,0.99995879915124497,0.99995879915945229,0.99995879915945229,0.99991759315020434,0.99987640187675186,0.99991759315020434,3.1819214091787305e-16,0.99999999261552663,0.93750316752816654,0.99991726200569486,1.8037664382665886e-17
C,4,0.0001,104,0.010400000000000001,0.075875218725294305,0.99995839913468398,0.99995839914296947,0.99995839914296947,0.99991679308495174,0.9998752019199254,0.99991679308495152,4.6566073019561406e-16,0.99999999247356286,0.93750316489761587,0.99991645871560242,2.2458591807681926e-17
C,4,0.0001,105,0.010500000000000001,0.075875218725294305,0.99995799911796301,0.99995799912632599,0.99995799912632599,0.99991599301972478,0.99987400196358134,0.99991599301972467,4.7367016759979932e-16,0.99999999233028825,0.93750316226592101,0.99991565542534588,5.5251078224819483e-17
C,4,0.0001,106,0.0106,0.075875218725294305,0.99995759910108184,0.99995759910952686,0.99995759910952686,0.99991519295451969,0.99987280200771533,0.99991519295451958,8.2902186929281427e-16,0.9999999921857039,0.93750315963308162,0.99991485213492337,4.7639341244083054e-17
C,4,0.0001,107,0.010700000000000001,0.075875218725294305,0.99995719908404079,0.9999571990925632,0.9999571990925632,0.99991439288934425,0.99987160205233472,0.99991439288934414,5.7148353188116517e-16,0.99999999203981116,0.93750315699909881,0.9999140488443361,3.536731345282618e-17
C,4,0.0001,108,0.010800000000000001,0.075875218725294305,0.99995679906683965,0.99995679907544088,0.99995679907544088,0.99991359282417969,0.99987040209743105,0.99991359282417958,8.7683709500679337e-16,0.99999999189261046,0.93750315436397369,0.99991324555358596,1.7809919196186899e-20
C,4,0.0001,109,0.0109,0.075875218725294305,0.99995639904947853,0.99995639905816114,0.99995639905816114,0.9999127927590481,0.99986920214300368,0.99991279275904799,3.4054840256916912e-16,0.9999999917441037,0.93750315172770504,0.99991244226267006,9.6130726170054199e-18
C,4,0.0001,110,0.011000000000000001,0.075875218725294305,0.99995599903195742,0.99995599904072074,0.99995599904072074,0.99991199269393871,0.99986800218906113,0.99991199269393849,9.2911217048988659e-16,0.99999999159429143,0.9375031490902932,0.9999116389715913,4.3910275358771941e-18
C,4,0.0001,111,0.0111,0.075875218725294305,0.99995559901427622,0.99995559902311637,0.99995559902311637,0.99991119262885175,0.99986680223559465,0.99991119262885175,8.3870692498505536e-16,0.9999999914431752,0.93750314645174004,0.99991083568034833,3.8489644358213995e-17
C,4,0.0001,112,0.0112,0.075875218725294305,0.99995519899643504,0.9999551990053569,0.9999551990053569,0.99991039256379155,0.9998656022826099,0.99991039256379133,6.3747023771604104e-16,0.9999999912907559,0.93750314381204436,0.99991003238894094,1.1520922324317277e-17
C,4,0.0001,113,0.011300000000000001,0.075875218725294305,0.99995479897843376,0.999954798987432,0.999954798987432,0.99990959249875189,0.9998644023301051,0.99990959249875178,4.3154518517881116e-16,0.99999999113703497,0.93750314117120714,0.99990922909736868,7.7530360432039932e-18
C,4,0.0001,114,0.0114,0.075875218725294305,0.99995439896027261,0.99995439896935234,0.99995439896935234,0.99990879243373243,0.99986320237807746,0.99990879243373221,5.981049603469776e-16,0.99999999098201309,0.93750313852922873,0.99990842580563277,1.8912755069786456e-17
C,4,0.0001,115,0.0115,0.075875218725294305,0.99995399894195136,0.99995399895110959,0.99995399895110959,0.99990799236874017,0.99986200242653878,0.99990799236874017,4.0633309473635295e-16,0.99999999082569169,0.93750313588610845,0.99990762251373244,3.8319452584219985e-17
C,4,0.0001,116,0.011600000000000001,0.075875218725294305,0.99995359892347002,0.99995359893270586,0.99995359893270586,0.99990719230377301,0.99986080247546916,0.99990719230377301,6.1742978733313087e-16,0.99999999066807188,0.93750313324184842,0.99990681922166713,5.1725865145516195e-17
C,4,0.0001,117,0.0117,0.075875218725294305,0.9999531989048287,0.99995319891414602,0.99995319891414602,0.99990639223882871,0.99985960252488837,0.99990639223882849,4.3136474575539812e-16,0.99999999050915467,0.93750313059644752,0.99990601592943829,5.7948649517123936e-17
C,4,0.0001,118,0.0118,0.075875218725294305,0.99995279888602739,0.9999527988954231,0.9999527988954231,0.99990559217390484,0.99985840257478364,0.99990559217390473,7.4878931244427695e-16,0.99999999034894105,0.93750312794990642,0.99990521263704324,1.3408672265899609e-17
C,4,0.0001,119,0.011900000000000001,0.075875218725294305,0.99995239886706611,0.99995239887654297,0.99995239887654297,0.99990479210901018,0.99985720262515398,0.99990479210900995,1.6139043137258686e-16,0.99999999018743246,0.93750312530222579,0.99990440934448577,2.9172643793187589e-17
C,4,0.0001,120,0.012,0.075875218725294305,0.99995199884794472,0.99995199885749841,0.99995199885749841,0.99990399204413571,0.99985600267600805,0.9999039920441356,5.5279268070895508e-16,0.99999999002463014,0.93750312265340563,0.99990360605176543,4.4938430596509914e-17
C,4,0.0001,121,0.012100000000000001,0.075875218725294305,0.99995159882866336,0.9999515988382951,0.9999515988382951,0.99990319197928601,0.99985480272734184,0.9999031919792859,4.4630036430475707e-16,0.99999998986053451,0.9375031200034456,0.99990280275887999,1.7142585815493197e-17
C,4,0.0001,122,0.012200000000000001,0.075875218725294305,0.9999511988092219,0.99995119881893502,0.99995119881893502,0.99990239191445851,0.99985360277915869,0.9999023919144584,7.2516078008692162e-16,0.99999998969514758,0.93750311735234726,0.99990199946583047,9.7168511688280793e-18
C,4,0.0001,123,0.0123,0.075875218725294305,0.99995079878962045,0.9999507987994134,0.9999507987994134,0.99990159184965688,0.99985240283145116,0.99990159184965688,4.7134872426909965e-16,0.9999999895284698,0.93750311470011038,0.99990119617261664,7.1320822325442541e-17
C,4,0.0001,124,0.012400000000000001,0.075875218725294305,0.99995039876985903,0.99995039877972669,0.99995039877972669,0.99990079178487501,0.99985120288422635,0.9999007917848749,6.5408767427313022e-16,0.99999998936050238,0.93750311204673564,0.99990039287923982,1.3291087640642571e-17
C,4,0.0001,125,0.012500000000000001,0.075875218725294305,0.99994999874993751,0.99994999875988622,0.99994999875988622,0.99989999172011745,0.99985000293748016,0.99989999172011745,7.7213853010901242e-16,0.999999989191247,0.93750310939222248,0.99989958958569791,9.4024635862765516e-18
C,4,0.0001,126,0.0126,0.075875218725294305,0.999949598729856,0.99994959873988765,0.99994959873988765,0.99989919165538765,0.99984880299121537,0.99989919165538765,6.112912968799063e-16,0.99999998902070419,0.93750310673657211,0.99989878629199258,9.1574912434492367e-18
C,4,0.0001,127,0.012700000000000001,0.075875218725294305,0.99994919870961441,0.99994919871972554,0.99994919871972554,0.99989839159067995,0.99984760304542986,0.99989839159067995,5.2616499229399464e-16,0.99999998884887509,0.93750310407978421,0.99989798299812216,1.7617825670706894e-17
C,4,0.0001,128,0.012800000000000001,0.075875218725294305,0.99994879868921294,0.99994879869939912,0.99994879869939912,0.99989759152599067,0.99984640310012618,0.99989759152599056,5.1127672299987699e-16,0.99999998867576101,0.93750310142185977,0.99989717970408776,3.0695086930606351e-17
C,4,0.0001,129,0.0129,0.075875218725294305,0.99994839866865126,0.99994839867892094,0.99994839867892094,0.99989679146132437,0.99984520315529413,0.99989679146132426,6.6855676731541459e-16,0.99999998850136329,0.93750309876279825,0.99989637640989038,9.3178756894674096e-18
C,4,0.0001,130,0.013000000000000001,0.075875218725294305,0.99994799864792971,0.99994799865827544,0.99994799865827544,0.99989599139668206,0.99984400321095246,0.99989599139668206,7.5016273411601119e-16,0.9999999883256826,0.93750309610260074,0.99989557311552868,2.5143721047205616e-17
C,4,0.0001,131,0.013100000000000001,0.075875218725294305,0.99994759862704807,0.99994759863747684,0.99994759863747684,0.99989519133207494,0.99984280326708508,0.99989519133207494,4.9906098270720555e-16,0.99999998814872026,0.93750309344126714,0.99989476982100334,1.446419114660074e-17
C,4,0.0001,132,0.0132,0.075875218725294305,0.99994719860600634,0.99994719861650982,0.99994719861650982,0.99989439126747637,0.99984160332369776,0.99989439126747626,2.9427078579115935e-16,0.99999998797047707,0.93750309077879812,0.99989396652631368,3.4350489879963903e-17
C,4,0.0001,133,0.013300000000000001,0.075875218725294305,0.99994679858480473,0.99994679859538815,0.99994679859538815,0.99989359120290633,0.99984040338079394,0.99989359120290633,2.3964723879111929e-16,0.999999987790955,0.93750308811519356,0.99989316323146105,2.5539014659623809e-17
C,4,0.0001,134,0.0134,0.075875218725294305,0.99994639856344303,0.99994639857410283,0.99994639857410283,0.99989279113836271,0.99983920343836841,0.9998927911383626,1.7879321920643162e-16,0.99999998761015418,0.93750308545045358,0.9998923599364441,6.4309118034822453e-17
C,4,0.0001,135,0.0135,0.075875218725294305,0.99994599854192123,0.99994599855266408,0.99994599855266408,0.99989199107384263,0.99983800349642227,0.99989199107384263,5.3413183503972726e-16,0.99999998742807628,0.93750308278457917,0.99989155664126395,1.9898876909798487e-17
C,4,0.0001,136,0.013600000000000001,0.075875218725294305,0.99994559852023945,0.99994559853106202,0.99994559853106202,0.99989119100934076,0.99983680355495308,0.99989119100934054,5.4302901562716754e-16,0.99999998724472239,0.93750308011756955,0.99989075334591937,6.1549527820852689e-17
C,4,0.0001,137,0.0137,0.075875218725294305,0.99994519849839769,0.99994519850929797,0.99994519850929797,0.99989039094486387,0.99983560361396706,0.99989039094486376,3.050356481689195e-16,0.9999999870600933,0.9375030774494264,0.99988995005041026,3.0597126130805774e-17
C,4,0.0001,138,0.013800000000000002,0.075875218725294305,0.99994479847639595,0.99994479848737372,0.99994479848737372,0.99988959088041229,0.99983440367345799,0.99988959088041218,6.8376378518266124e-16,0.99999998687419034,0.93750307478014905,0.99988914675473795,7.1897609294501299e-18
C,4,0.0001,139,0.013900000000000001,0.075875218725294305,0.99994439845423411,0.99994439846529115,0.99994439846529115,0.99988879081598447,0.99983320373343465,0.99988879081598436,4.1193084993400154e-16,0.99999998668701462,0.93750307210973871,0.99988834345890221,9.480492176717254e-18
C,4,0.0001,140,0.014,0.075875218725294305,0.99994399843191217,0.99994399844305126,0.99994399844305126,0.99988799075157686,0.99983200379388693,0.99988799075157686,2.372491062228567e-16,0.99999998649856725,0.93750306943819517,0.99988754016290293,2.5627189966708009e-17
C,4,0.0001,141,0.014100000000000001,0.075875218725294305,0.99994359840943026,0.99994359842064684,0.99994359842064684,0.99988719068719689,0.9998308038548207,0.99988719068719689,2.8510523424147285e-16,0.99999998630884945,0.93750306676551864,0.99988673686674046,4.4371270192718676e-17
C,4,0.0001,142,0.014200000000000001,0.075875218725294305,0.99994319838678836,0.99994319839808332,0.99994319839808332,0.99988639062283569,0.99982960391623099,0.99988639062283546,1.101712670805908e-15,0.99999998611786201,0.93750306409170914,0.99988593357041311,7.2748163849672628e-19
C,4,0.0001,143,0.0143,0.075875218725294305,0.99994279836398647,0.99994279837536149,0.99994279837536149,0.99988559055849968,0.99982840397812345,0.99988559055849968,6.1839965444514907e-16,0.99999998592560635,0.93750306141676787,0.99988513027392267,1.8384756851366867e-17
C,4,0.0001,144,0.014400000000000001,0.075875218725294305,0.9999423983410245,0.999942398352478,0.999942398352478,0.99988479049418788,0.99982720404049397,0.99988479049418788,3.9991405417021189e-16,0.99999998573208349,0.93750305874069417,0.99988432697726881,2.3509770558533144e-17
C,4,0.0001,145,0.014500000000000001,0.075875218725294305,0.99994199831790243,0.99994199832943442,0.99994199832943442,0.99988399042989984,0.99982600410334821,0.99988399042989973,3.6372102858383585e-16,0.9999999855372943,0.93750305606348949,0.99988352368045075,4.1254675380913322e-17
C,4,0.0001,146,0.0146,0.075875218725294305,0.99994159829462037,0.9999415983062333,0.9999415983062333,0.99988319036563278,0.99982480416668251,0.99988319036563278,7.1316933981051751e-16,0.99999998534124024,0.9375030533851535,0.99988272038346959,3.5121578528480657e-17
C,4,0.0001,147,0.014700000000000001,0.075875218725294305,0.99994119827117833,0.99994119828286609,0.99994119828286609,0.99988239030138693,0.99982360423049743,0.99988239030138681,8.711143869156693e-16,0.99999998514392197,0.93750305070568607,0.99988191708632479,3.741945462560389e-19
C,4,0.0001,148,0.014800000000000001,0.075875218725294305,0.99994079824757631,0.99994079825934601,0.99994079825934601,0.99988159023716694,0.99982240429478675,0.99988159023716672,6.9228120270313233e-16,0.99999998494534115,0.93750304802508855,0.99988111378901723,2.1756050493911881e-17
C,4,0.0001,149,0.0149,0.075875218725294305,0.9999403982238142,0.99994039823566383,0.99994039823566383,0.99988079017297227,0.99982120435955835,0.99988079017297204,5.974090431851293e-16,0.99999998474549845,0.93750304534336037,0.99988031049154702,4.0166287471145728e-17
C,4,0.0001,150,0.015000000000000001,0.075875218725294305,0.99993999819989199,0.99993999821181989,0.99993999821181989,0.99987999010879958,0.99982000442480878,0.99987999010879958,8.5026446266964683e-16,0.99999998454439532,0.93750304266050188,0.99987950719391405,7.1996562771073144e-17
C,4,0.0001,151,0.015100000000000001,0.075875218725294305,0.9999395981758098,0.99993959818781841,0.99993959818781841,0.99987919004464831,0.99981880449054206,0.9998791900446482,7.4392864858446275e-16,0.9999999843420323,0.93750303997651341,0.99987870389611588,4.285104522599925e-17
C,4,0.0001,152,0.0152,0.075875218725294305,0.99993919815156762,0.9999391981636504,0.9999391981636504,0.9998783899805187,0.99981760455675328,0.99987838998051859,5.1276376049540444e-16,0.99999998413841118,0.93750303729139572,0.99987790059815496,4.4237447003272705e-17
C,4,0.0001,153,0.015300000000000001,0.075875218725294305,0.99993879812716535,0.99993879813933007,0.99993879813933007,0.9998775899164174,0.99981640462344834,0.99987758991641729,8.5154578628317394e-16,0.99999998393353262,0.93750303460514894,0.99987709730002949,4.2200608611659012e-17
C,4,0.0001,154,0.0154,0.075875218725294305,0.9999383981026031,0.99993839811484353,0.99993839811484353,0.99987678985233652,0.99981520469062024,0.99987678985233652,7.1149054777955924e-16,0.99999998372739773,0.93750303191777351,0.99987629400174138,4.4326089906629915e-18
C,4,0.0001,155,0.0155,0.075875218725294305,0.99993799807788086,0.999937998090205,0.999937998090205,0.99987598978827874,0.99981400475827076,0.99987598978827874,3.5674856509666706e-16,0.99999998352000796,0.93750302922926987,0.99987549070329018,2.2175829039156077e-17
C,4,0.0001,156,0.015600000000000001,0.075875218725294305,0.99993759805299853,0.9999375980654005,0.9999375980654005,0.99987518972424694,0.99981280482640211,0.99987518972424694,3.6258631433731618e-16,0.99999998331136386,0.93750302653963813,0.99987468740467444,4.8284669622968276e-18
C,4,0.0001,157,0.015700000000000002,0.075875218725294305,0.99993719802795622,0.99993719804043912,0.99993719804043912,0.9998743896602339,0.99981160489501186,0.99987438966023379,5.8509331288565803e-16,0.99999998310146687,0.93750302384887818,0.99987388410589684,2.4478383600399516e-17
C,4,0.0001,158,0.015800000000000002,0.075875218725294305,0.99993679800275381,0.99993679801531854,0.99993679801531854,0.99987358959624562,0.99981040496410656,0.9998735895962455,3.3884229198422404e-16,0.99999998289031833,0.93750302115699058,0.99987308080695514,3.1782104139427262e-17
C,4,0.0001,159,0.015900000000000001,0.075875218725294305,0.99993639797739131,0.99993639799003098,0.99993639799003098,0.99987278953228242,0.99980920503367798,0.99987278953228242,6.9353179970817365e-16,0.99999998267791845,0.93750301846397566,0.99987227750785046,4.078719116952208e-17
C,4,0.0001,160,0.016,0.075875218725294305,0.99993599795186894,0.9999359979645871,0.9999359979645871,0.99987198946833944,0.9998080051037298,0.99987198946833944,2.7208090001929353e-16,0.99999998246426947,0.93750301576983386,0.99987147420858291,9.0002391623642041e-17
C,4,0.0001,161,0.0161,0.075875218725294305,0.99993559792618647,0.99993559793898079,0.99993559793898079,0.99987118940441888,0.99980680517426146,0.99987118940441877,6.3137890274605214e-16,0.9999999822493717,0.93750301307456529,0.99987067090915205,2.6532475653851461e-17
C,4,0.0001,162,0.016199999999999999,0.075875218725294305,0.99993519790034402,0.99993519791321961,0.99993519791321961,0.99987038934052797,0.99980560524526862,0.99987038934052797,8.0885382760113021e-16,0.99999998203322626,0.93750301037817063,0.99986986760955765,2.7949350689153851e-17
C,4,0.0001,163,0.016300000000000002,0.075875218725294305,0.99993479787434136,0.99993479788729667,0.99993479788729667,0.99986958927665082,0.99980440531676229,0.99986958927665082,8.2343198839496653e-16,0.99999998181583483,0.93750300768064943,0.99986906430980083,3.0446346310820461e-18
C,4,0.0001,164,0.016400000000000001,0.075875218725294305,0.99993439784817884,0.9999343978612143,0.9999343978612143,0.99986878921280264,0.99980320538873269,0.99986878921280253,1.1909609215431256e-16,0.99999998159719761,0.93750300498200334,0.99986826100988102,9.2160599294869401e-18
C,4,0.0001,165,0.016500000000000001,0.075875218725294305,0.99993399782185621,0.99993399783496817,0.99993399783496817,0.99986798914897568,0.99980200546118325,0.99986798914897568,6.8571479269465861e-16,0.99999998137731649,0.93750300228223182,0.99986745770979624,3.6463017619108528e-17
C,4,0.0001,166,0.0166,0.075875218725294305,0.99993359779537361,0.99993359780856528,0.99993359780856528,0.99986718908517358,0.99980080553411754,0.99986718908517347,5.1383395148404545e-16,0.99999998115619215,0.93750299958133476,0.99986665440954881,5.3852131433457893e-17
C,4,0.0001,167,0.0167,0.075875218725294305,0.99993319776873102,0.99993319778200107,0.99993319778200107,0.9998663890213928,0.9997996056075229,0.99986638902139258,7.3313580882498309e-16,0.99999998093382592,0.93750299687931293,0.9998658511091385,1.8252567492546143e-17
C,4,0.0001,168,0.016800000000000002,0.075875218725294305,0.99993279774192823,0.9999327977552781,0.9999327977552781,0.99986558895763844,0.99979840568141665,0.99986558895763833,9.6420683759075147e-16,0.99999998071021845,0.93750299417616723,0.99986504780856444,2.9792028880560292e-17
C,4,0.0001,169,0.016900000000000002,0.075875218725294305,0.99993239771496556,0.99993239772839759,0.99993239772839759,0.99986478889389918,0.99979720575578979,0.99986478889389918,4.6375711992413514e-16,0.99999998048537131,0.93750299147189708,0.99986424450782896,2.123969025379753e-17
C,4,0.0001,170,0.017000000000000001,0.075875218725294305,0.9999319976878428,0.99993199770135399,0.99993199770135399,0.99986398883018979,0.99979600583064254,0.99986398883018968,2.6901340853254525e-16,0.99999998025928549,0.93750298876650295,0.99986344120692949,1.8079527275247258e-17
C,4,0.0001,171,0.017100000000000001,0.075875218725294305,0.99993159766055995,0.99993159767414652,0.99993159767414652,0.99986318876650138,0.99979480590597003,0.99986318876650127,5.6994162560533838e-16,0.99999998003196178,0.93750298605998583,0.99986263790586838,1.3862543150015582e-17
C,4,0.0001,172,0.0172,0.075875218725294305,0.99993119763311722,0.99993119764678051,0.99993119764678051,0.99986238870283772,0.99979360598178135,0.99986238870283761,6.5081869726381083e-16,0.9999999798034015,0.93750298335234517,0.99986183460464395,4.3925465182989552e-17
C,4,0.0001,173,0.017299999999999999,0.075875218725294305,0.99993079760551429,0.99993079761925718,0.99993079761925718,0.99986158863919039,0.99979240605807429,0.99986158863919028,9.7955931266611144e-16,0.99999997957360576,0.93750298064358162,0.99986103130325521,4.7613922582061374e-18
C,4,0.0001,174,0.017400000000000002,0.075875218725294305,0.99993039757775137,0.99993039759157798,0.99993039759157798,0.99986078857557603,0.99979120613484496,0.99986078857557592,4.3595700100882406e-16,0.99999997934257567,0.93750297793369575,0.99986022800170438,2.6506102138377786e-17
C,4,0.0001,175,0.017500000000000002,0.075875218725294305,0.99992999754982848,0.99992999756373291,0.99992999756373291,0.99985998851197788,0.99979000621209668,0.99985998851197788,2.6505153437712658e-16,0.99999997911031191,0.93750297522268766,0.99985942469999078,1.7809759265084026e-17
C,4,0.0001,176,0.017600000000000001,0.075875218725294305,0.99992959752174548,0.99992959753572674,0.99992959753572674,0.99985918844840327,0.99978880628982381,0.99985918844840316,9.5688053838147493e-16,0.99999997887681613,0.93750297251055703,0.99985862139811388,3.929301465647339e-18
C,4,0.0001,177,0.0177,0.075875218725294305,0.99992919749350251,0.99992919750756304,0.99992919750756304,0.99985838838485241,0.99978760636803332,0.99985838838485241,5.0089572042123821e-16,0.99999997864208889,0.93750296979730541,0.99985781809607488,3.7730134367678871e-17
C,4,0.0001,178,0.0178,0.075875218725294305,0.99992879746509955,0.99992879747923735,0.99992879747923735,0.99985758832132632,0.99978640644672667,0.99985758832132632,5.0372522207308798e-16,0.99999997840613186,0.93750296708293146,0.99985701479387201,2.5891513957092817e-17
C,4,0.0001,179,0.017899999999999999,0.075875218725294305,0.9999283974365365,0.99992839745075346,0.99992839745075346,0.99985678825782331,0.99978520652589231,0.9998567882578232,5.3785376729555867e-16,0.99999997816894548,0.93750296436743763,0.99985621149150716,3.9609612067613795e-17
C,4,0.0001,180,0.018000000000000002,0.075875218725294305,0.99992799740781335,0.9999279974221098,0.9999279974221098,0.99985598819433874,0.99978400660554667,0.99985598819433863,4.2722480311782471e-16,0.99999997793053141,0.9375029616508227,0.99985540818898011,1.2578574366105459e-17
C,4,0.0001,181,0.018100000000000002,0.075875218725294305,0.99992759737893022,0.99992759739330217,0.99992759739330217,0.99985518813087915,0.99978280668567354,0.99985518813087904,7.0159963572474926e-16,0.99999997769089033,0.93750295893308733,0.99985460488628974,2.1035188124631182e-17
C,4,0.0001,182,0.018200000000000001,0.075875218725294305,0.99992719734988711,0.99992719736434188,0.99992719736434188,0.99985438806744564,0.9997816067662838,0.99985438806744553,8.1288417261720249e-16,0.99999997745002334,0.93750295621423174,0.99985380158343651,1.566009761571665e-17
C,4,0.0001,183,0.0183,0.075875218725294305,0.9999267973206839,0.99992679733521728,0.99992679733521728,0.99985358800402757,0.99978040684737346,0.99985358800402735,6.4924668531877431e-16,0.99999997720793166,0.93750295349425661,0.9998529982804204,1.8427240260140259e-17
C,4,0.0001,184,0.0184,0.075875218725294305,0.9999263972913206,0.99992639730593136,0.99992639730593136,0.99985278794064003,0.99977920692894073,0.99985278794063981,4.500236990240412e-16,0.9999999769646164,0.93750295077316204,0.99985219497724354,1.9022452371623828e-17
C,4,0.0001,185,0.018500000000000003,0.075875218725294305,0.99992599726179732,0.99992599727648668,0.99992599727648668,0.99985198787727281,0.99977800701099406,0.9998519878772727,4.8543927605918272e-16,0.99999997672007868,0.93750294805094836,0.99985139167390136,2.4654250233504464e-17
C,4,0.0001,186,0.018600000000000002,0.075875218725294305,0.99992559723211405,0.99992559724688135,0.99992559724688135,0.99985118781392712,0.99977680709352579,0.99985118781392701,1.4774779880175264e-16,0.99999997647431904,0.93750294532761502,0.99985058837039797,1.8236400120949898e-17
C,4,0.0001,187,0.018700000000000001,0.075875218725294305,0.99992519720227069,0.99992519721711626,0.99992519721711626,0.99985038775060331,0.99977560717653302,0.99985038775060331,3.6083855167700274e-16,0.99999997622733927,0.93750294260316358,0.99984978506673272,2.9664661238033205e-17
C,4,0.0001,188,0.018800000000000001,0.075875218725294305,0.99992479717226734,0.99992479718719052,0.99992479718719052,0.9998495876873067,0.9997744072600212,0.9998495876873067,8.5481189697321331e-16,0.99999997597914025,0.93750293987759403,0.99984898176290415,3.5496150832150363e-17
C,4,0.0001,189,0.0189,0.075875218725294305,0.9999243971421039,0.99992439715710812,0.99992439715710812,0.99984878762402818,0.99977320734399133,0.99984878762402818,9.0860076581649024e-16,0.99999997572972255,0.93750293715090649,0.9998481784589125,5.4070991008722667e-17
C,4,0.0001,190,0.019,0.075875218725294305,0.99992399711178048,0.99992399712686708,0.99992399712686708,0.99984798756077642,0.99977200742844174,0.99984798756077631,1.0023425444552937e-15,0.99999997547908792,0.93750293442310129,0.99984737515475763,9.3372639258962518e-18
C,4,0.0001,191,0.019100000000000002,0.075875218725294305,0.99992359708129708,0.99992359709646395,0.99992359709646395,0.99984718749754897,0.99977080751336833,0.99984718749754897,5.3455842550997209e-16,0.99999997522723683,0.93750293169417886,0.99984657185044024,7.7237179366345704e-17
C,4,0.0001,192,0.019200000000000002,0.075875218725294305,0.99992319705065347,0.9999231970658945,0.9999231970658945,0.99984638743433829,0.9997696075987802,0.9998463874343384,1.4468094125823383e-16,0.99999997497417104,0.93750292896413923,0.99984576854596152,2.1819480854537952e-17
C,4,0.0001,193,0.019300000000000001,0.075875218725294305,0.99992279701984987,0.99992279703517051,0.99992279703517051,0.99984558737115192,0.99976840768466924,0.99984558737115192,4.376609668042599e-16,0.99999997471989099,0.93750292623298292,0.99984496524131916,2.3370427602062875e-17
C,4,0.0001,194,0.019400000000000001,0.075875218725294305,0.9999223969888863,0.99992239700428709,0.99992239700428709,0.9998447873079892,0.99976720777104111,0.99984478730798909,6.3129686491459486e-16,0.99999997446439792,0.93750292350071074,0.99984416193651471,1.010373614959654e-17
C,4,0.0001,195,0.0195,0.075875218725294305,0.99992199695776263,0.99992199697324446,0.99992199697324446,0.99984398724485013,0.99976600785788983,0.99984398724485013,9.7125237940185107e-16,0.99999997420769327,0.937502920767322,0.99984335863154838,3.6776892709218536e-17
C,4,0.0001,196,0.019599999999999999,0.075875218725294305,0.99992159692647908,0.99992159694203742,0.99992159694203742,0.9998431871817316,0.99976480794521616,0.99984318718173137,6.4560885863174685e-16,0.99999997394977758,0.9375029180328176,0.99984255532641975,3.9437364541843841e-17
C,4,0.0001,197,0.019700000000000002,0.075875218725294305,0.99992119689503534,0.99992119691067383,0.99992119691067383,0.99984238711863938,0.99976360803302433,0.99984238711863938,1.077016611366034e-16,0.99999997369065208,0.93750291529719787,0.99984175202112879,6.0082852823557468e-18
C,4,0.0001,198,0.019800000000000002,0.075875218725294305,0.9999207968634316,0.99992079687914504,0.99992079687914504,0.99984158705556525,0.99976240812131367,0.99984158705556525,4.9175019688984293e-16,0.9999999734303181,0.93750291256046336,0.9998409487156753,8.2290029246889171e-17
C,4,0.0001,199,0.019900000000000001,0.075875218725294305,0.99992039683166778,0.99992039684745992,0.99992039684745992,0.99984078699251799,0.9997612082100833,0.99984078699251788,3.564026931201733e-16,0.99999997316877642,0.93750290982261342,0.99984014541005983,3.9383716423229745e-17
C,4,0.0001,200,0.02,0.075875218725294305,0.99991999679974397,0.99991999681561727,0.99991999681561727,0.9998399869294915,0.99976000829933287,0.99983998692949128,8.1256038265129747e-16,0.99999997290602805,0.93750290708364914,0.9998393421042806,5.450934452019876e-17
