family,source_level,group_id,valence,vertex_count,normal_absolute_error_mean,normal_absolute_error_maximum,normal_absolute_error_rms,tangential_speed_mean,tangential_speed_maximum,tangential_speed_rms
A,2,1,5,12,0.13450119078309963,0.13450119078310024,0.13450119078309966,3.9249035847283774e-16,5.4210108624275222e-16,4.090053593405829e-16
A,2,2,6,30,0.010189896617652813,0.010189896617656281,0.010189896617652811,2.8638685899683781e-16,4.5998802500501219e-16,3.0274294243283587e-16
A,2,3,6,60,0.0098875908205451855,0.0098875908205470903,0.0098875908205451821,0.0052225917776378408,0.005222591777638238,0.0052225917776378391
A,2,4,6,60,0.0060741016634724525,0.0060741016634743069,0.0060741016634724499,0.016578082397171519,0.016578082397171994,0.016578082397171522
A,3,1,5,12,0.14301365568111113,0.14301365568111399,0.14301365568111118,4.4653149239897306e-16,7.6664670834168702e-16,4.8843957384601067e-16
A,3,2,6,30,0.0043795558939560778,0.0043795558939633411,0.0043795558939560778,4.0930781165611298e-16,1.051173006585001e-15,4.6811694046244649e-16
A,3,3,6,60,0.0044403204961979154,0.0044403204962101695,0.0044403204961979146,0.0026156271449795467,0.0026156271449801942,0.0026156271449795476
A,3,4,6,60,8.1973080431086795e-05,8.1973080435972928e-05,8.1973080431086808e-05,0.0083465406302166423,0.008346540630217605,0.0083465406302166405
A,3,5,6,60,0.0026189824029130447,0.0026189824029227045,0.0026189824029130434,0.0030186361490490612,0.0030186361490497048,0.0030186361490490616
A,3,6,6,60,0.00053401676618403018,0.00053401676619125107,0.00053401676618403029,0.0020687691736563448,0.0020687691736575352,0.0020687691736563439
A,3,7,6,60,0.0025953364148547675,0.0025953364148603632,0.0025953364148547683,0.0019505111167475264,0.0019505111167481414,0.0019505111167475262
A,3,8,6,120,0.0016384944325691501,0.0016384944325781997,0.0016384944325691499,0.0082369992236509138,0.0082369992236517239,0.0082369992236509121
A,3,9,6,120,0.0023388862158549499,0.002338886215862146,0.0023388862158549503,0.0019133532863805113,0.0019133532863815125,0.0019133532863805107
A,3,10,6,60,0.001996343725786295,0.0019963437257902207,0.0019963437257862959,0.0025846019690745126,0.0025846019690752304,0.0025846019690745122
A,4,1,5,12,0.14517471037746837,0.14517471037747698,0.1451747103774684,1.4151236016358884e-15,2.3454879155195633e-15,1.5156226038271818e-15
A,4,2,6,30,0.0029057271459633641,0.0029057271459997577,0.002905727145963365,9.3874948088588509e-16,1.5561228623389324e-15,1.0342491976960555e-15
A,4,3,6,60,0.0030601032844462654,0.0030601032844808362,0.0030601032844462649,0.0013083330985045492,0.00130833309850559,0.0013083330985045488
A,4,4,6,60,0.0014390671652478107,0.0014390671652692207,0.0014390671652478111,0.0041805832202806139,0.0041805832202820225,0.0041805832202806131
A,4,5,6,60,0.0012350635701448968,0.0012350635701793237,0.0012350635701448964,0.0015095830269785866,0.0015095830269803332,0.0015095830269785868
A,4,6,6,60,0.00087845020015146801,0.0008784502001715766,0.00087845020015146834,0.0010357343780996026,0.001035734378102039,0.0010357343780996032
A,4,7,6,60,0.0012310518078770974,0.0012310518079194747,0.001231051807877097,0.00097538214393551412,0.00097538214393926438,0.00097538214393551401
A,4,8,6,120,0.00014532290088794248,0.00014532290091326221,0.00014532290088794243,0.0041254126973867241,0.0041254126973883053,0.0041254126973867249
A,4,9,6,120,0.00094236090980851666,0.00094236090985243791,0.00094236090980851699,0.00095848357177162017,0.00095848357177386598,0.00095848357177162028
A,4,10,6,60,0.00035707584691467678,0.00035707584693407679,0.00035707584691467684,0.0012948590291246961,0.0012948590291258668,0.001294859029124697
A,4,11,6,60,0.00066453850972296783,0.00066453850974725753,0.00066453850972296783,0.0015481129945309113,0.0015481129945327317,0.0015481129945309118
A,4,12,6,60,7.6502267526510487e-05,7.6502267549061892e-05,7.6502267526510487e-05,0.00025395865140001833,0.00025395865140097324,0.00025395865140001833
A,4,13,6,60,0.00066245008560707338,0.00066245008562091506,0.00066245008560707327,0.0014354260310785729,0.0014354260310812594,0.0014354260310785732
A,4,14,6,120,0.00013763641528502166,0.00013763641532201464,0.00013763641528502166,0.0010387915246709678,0.001038791524673085,0.0010387915246709678
A,4,15,6,120,0.00064653806499855102,0.00064653806503304698,0.00064653806499855113,0.00023385653550072274,0.00023385653550262931,0.00023385653550072268
A,4,16,6,60,0.00065800807341063116,0.00065800807345049728,0.00065800807341063127,0.0010386097452517891,0.0010386097452543606,0.0010386097452517896
A,4,17,6,120,0.00018199875746516679,0.0001819987574848414,0.00018199875746516676,0.00025561149093679115,0.00025561149093855493,0.00025561149093679132
A,4,18,6,120,0.00059330461220316426,0.00059330461223377866,0.00059330461220316458,0.0010399401340703794,0.0010399401340721282,0.0010399401340703794
A,4,19,6,60,0.00065677193448763843,0.00065677193450538671,0.00065677193448763821,0.00089168654686032107,0.00089168654686234462,0.00089168654686032107
A,4,20,6,120,0.00041773432187727663,0.00041773432190748624,0.00041773432187727674,0.0041182305225553268,0.0041182305225572809,0.0041182305225553268
A,4,21,6,120,0.00052713783361865024,0.00052713783365307756,0.00052713783361865046,0.00024277579240910915,0.00024277579241067945,0.00024277579240910917
A,4,22,6,120,0.0006402814553634114,0.00064028145540769368,0.00064028145536341129,0.00023577498541812715,0.00023577498541993818,0.00023577498541812718
A,4,23,6,120,0.00041739129319534883,0.00041739129321631367,0.00041739129319534883,0.0041027720418979913,0.0041027720419002586,0.0041027720418979913
A,4,24,6,120,0.0005933062016644597,0.00059330620170040121,0.00059330620166445991,0.00087745446350595145,0.00087745446350692409,0.00087745446350595124
A,4,25,6,120,0.00062214582720689971,0.00062214582724788234,0.00062214582720689939,0.00025373548613138482,0.00025373548613329822,0.00025373548613138493
A,4,26,6,60,0.00016497104935579189,0.00016497104937326923,0.00016497104935579186,0.00027209633865231012,0.00027209633865321939,0.00027209633865231018
A,4,27,6,60,0.00041590844014692107,0.00041590844017435138,0.00041590844014692112,0.00032507821112410585,0.00032507821112544413,0.0003250782111241059
A,4,28,6,120,0.00050933363868509141,0.00050933363871592981,0.00050933363868509152,0.0012966588239383063,0.0012966588239399224,0.0012966588239383069
A,4,29,6,120,0.00057806920594740427,0.00057806920597904855,0.00057806920594740427,0.00031681364828864498,0.00031681364829037846,0.00031681364828864482
A,4,30,6,60,0.00054997682486327066,0.00054997682488993477,0.00054997682486327077,0.00034544812142925688,0.00034544812143089669,0.00034544812142925688
A,5,1,5,12,0.14571706311377147,0.14571706311379637,0.14571706311377144,6.0034539004021418e-16,1.1727439577597816e-15,7.1055537856355765e-16
A,5,2,6,30,0.0025359245566355772,0.0025359245567528957,0.0025359245566355776,2.323236010375567e-15,5.3150793019612247e-15,2.7661804198538874e-15
A,5,3,6,60,0.0027138849024751018,0.002713884902626109,0.0027138849024751009,0.00065423079524177619,0.0006542307952454087,0.0006542307952417763
A,5,4,6,60,0.0018207851195531494,0.0018207851196069477,0.0018207851195531492,0.0020912097029903601,0.0020912097029918931,0.0020912097029903614
A,5,5,6,60,0.00088792717697590913,0.00088792717710872368,0.00088792717697590913,0.00075482349729576713,0.00075482349729812939,0.00075482349729576756
A,5,6,6,60,0.0012327835523314582,0.0012327835524038322,0.0012327835523314578,0.00051803666508376664,0.00051803666508724888,0.00051803666508376664
A,5,7,6,60,0.00088883697696713062,0.00088883697708431499,0.00088883697696713084,0.00048770630113369114,0.00048770630113541236,0.00048770630113369103
A,5,8,6,120,0.00022937528736188085,0.0002293752874962026,0.00022937528736188085,0.0020635742180726336,0.0020635742180759712,0.0020635742180726327
A,5,9,6,120,0.00059203125348365586,0.00059203125361622852,0.00059203125348365607,0.00047946845375245861,0.00047946845375598687,0.0004794684537524585
A,5,10,6,60,5.4431144819387711e-05,5.4431144923348246e-05,5.4431144819387718e-05,0.00064775074587897674,0.00064775074588267593,0.00064775074587897674
A,5,11,6,60,0.00031671350410374083,0.00031671350419885426,0.00031671350410374078,0.00077407798266739697,0.00077407798267154881,0.00077407798266739697
A,5,12,6,60,0.00027296631241092241,0.00027296631250435174,0.00027296631241092246,0.0001270177343493199,0.00012701773435221702,0.00012701773434931987
A,5,13,6,60,0.00031622698894639186,0.00031622698909851248,0.00031622698894639165,0.00071773053709923355,0.00071773053710144532,0.00071773053709923377
A,5,14,6,120,0.00021443076071219969,0.00021443076085071733,0.00021443076071219963,0.00051956135795934509,0.00051956135796324778,0.00051956135795934509
A,5,15,6,120,0.00029835265952540786,0.00029835265964576509,0.0002983526595254078,0.00011698539276882607,0.00011698539277299594,0.00011698539276882601
A,5,16,6,60,0.00031552875366608785,0.0003155287537333698,0.00031552875366608785,0.00051931341680086323,0.00051931341680620845,0.00051931341680086323
A,5,17,6,120,0.00016230217928667046,0.0001623021793776061,0.00016230217928667049,0.0001278482311489544,0.00012784823115228637,0.00012784823114895437
A,5,18,6,120,0.00024348433208100471,0.00024348433219590834,0.00024348433208100462,0.00052018570539411751,0.00052018570539814608,0.00052018570539411751
A,5,19,6,60,0.00031524196967477425,0.00031524196977567726,0.00031524196967477414,0.00044584972910942882,0.00044584972911210203,0.00044584972910942898
A,5,20,6,120,4.4334791760564127e-05,4.4334791860292655e-05,4.4334791760564121e-05,0.0020599717380385099,0.0020599717380414282,0.0020599717380385099
A,5,21,6,120,0.00018360028831126542,0.00018360028843588359,0.00018360028831126545,0.0001214418722601375,0.00012144187226363202,0.00012144187226013748
A,5,22,6,120,0.00029691104537429218,0.00029691104549197517,0.00029691104537429223,0.00011794469493467118,0.00011794469493842544,0.00011794469493467115
A,5,23,6,120,4.4279643597751848e-05,4.4279643705586597e-05,4.4279643597751855e-05,0.0020522454753086048,0.0020522454753106822,0.0020522454753086053
A,5,24,6,120,0.00024340391350249885,0.00024340391360051436,0.00024340391350249891,0.00043896136635719098,0.0004389613663610857,0.00043896136635719092
A,5,25,6,120,0.00026326347249619231,0.00026326347263901789,0.00026326347249619236,0.00012692987147853627,0.00012692987148203196,0.00012692987147853627
A,5,26,6,60,0.00019493495905311518,0.00019493495922312531,0.0001949349590531152,0.00013609436449399539,0.00013609436449845292,0.00013609436449399539
A,5,27,6,60,1.3521522138779685e-05,1.3521522220687546e-05,1.352152213877969e-05,0.00016261326819138485,0.00016261326819345259,0.00016261326819138483
A,5,28,6,120,9.9437981344975446e-05,9.9437981454205196e-05,9.9437981344975432e-05,0.00064864539240218724,0.00064864539240607432,0.00064864539240218734
A,5,29,6,120,0.00017605619400344995,0.00017605619409360139,0.00017605619400344995,0.00015848770570643552,0.00015848770570870839,0.00015848770570643558
A,5,30,6,60,0.00012737154532972868,0.00012737154545666707,0.00012737154532972868,0.00017281344964913299,0.00017281344965246922,0.00017281344964913302
A,5,31,6,60,0.00016675646081802057,0.0001667564609405571,0.00016675646081802057,0.00077849266291809313,0.00077849266292165039,0.00077849266291809324
A,5,32,6,60,1.5687855532231336e-05,1.5687855646701401e-05,1.5687855532231333e-05,3.1565544780259607e-05,3.1565544782591238e-05,3.1565544780259614e-05
A,5,33,6,60,0.00016661554072529964,0.00016661554083467756,0.00016661554072529964,0.00076516136147485308,0.00076516136147757919,0.00076516136147485329
A,5,34,6,120,1.9331183113242487e-05,1.933118327457177e-05,1.9331183113242487e-05,0.00012794995102873499,0.00012794995103222121,0.00012794995102873502
A,5,35,6,120,0.00016562423259433641,0.00016562423267715495,0.00016562423259433638,2.9064108124434219e-05,2.9064108130544982e-05,2.9064108124434222e-05
A,5,36,6,60,0.00016622357332765438,0.00016622357345967044,0.00016622357332765435,0.00072305379502541256,0.00072305379502923784,0.00072305379502541245
A,5,37,6,120,2.2091513037436009e-05,2.2091513164797238e-05,2.2091513037436013e-05,3.1673210211294403e-05,3.1673210217875137e-05,3.1673210211294409e-05
A,5,38,6,120,0.00016218351182611558,0.00016218351192652351,0.00016218351182611558,0.00012945890629220528,0.00012945890629600953,0.00012945890629220528
A,5,39,6,60,0.00016609659011206684,0.00016609659028265882,0.00016609659011206681,0.00070838985059307343,0.00070838985059999899,0.00070838985059307311
A,5,40,6,120,3.4675514774687791e-05,3.4675514925782205e-05,3.4675514774687791e-05,0.00052120452622146987,0.00052120452622446173,0.00052120452622146998
A,5,41,6,120,0.00015813700603522913,0.00015813700619511997,0.00015813700603522902,2.9362465028775078e-05,2.9362465032655448e-05,2.9362465028775068e-05
A,5,42,6,120,0.0001650955767381828,0.00016509557687876403,0.00016509557673818277,2.9137664996873857e-05,2.9137665000692905e-05,2.9137664996873877e-05
A,5,43,6,120,3.4673037805504642e-05,3.4673037908709847e-05,3.4673037805504642e-05,0.00051715974015203406,0.00051715974015651106,0.00051715974015203406
A,5,44,6,120,0.00016218368269638514,0.00016218368283169721,0.00016218368269638517,0.00010477026705550969,0.00010477026705907288,0.00010477026705550965
A,5,45,6,120,0.00016405382188384391,0.00016405382197441816,0.00016405382188384391,2.967102507621868e-05,2.9671025079764709e-05,2.9671025076218684e-05
A,5,46,6,60,2.1070458236913749e-05,2.1070458501885533e-05,2.1070458236913749e-05,3.2147900829172971e-05,3.2147900832149065e-05,3.2147900829172971e-05
A,5,47,6,60,0.00016508367242294665,0.00016508367256333999,0.00016508367242294667,0.00052692673897261481,0.00052692673897623637,0.00052692673897261481
A,5,48,6,120,4.1953303362879335e-05,4.1953303490070704e-05,4.1953303362879328e-05,3.1849338484107509e-05,3.1849338487436532e-05,3.1849338484107516e-05
A,5,49,6,120,0.00014886919547426827,0.00014886919560194029,0.0001488691954742683,0.00053062197632582932,0.00053062197633140396,0.00053062197632582943
A,5,50,6,60,0.00016499762105897745,0.0001649976211588397,0.00016499762105897745,0.00050904464508075926,0.0005090446450857763,0.00050904464508075926
A,5,51,6,120,4.5794779335526854e-05,4.5794779457257462e-05,4.579477933552686e-05,0.00013109806383563828,0.00013109806383915018,0.00013109806383563823
A,5,52,6,120,0.000135633185742832,0.00013563318585927894,0.000135633185742832,3.0191258206557439e-05,3.0191258211649537e-05,3.0191258206557423e-05
A,5,53,6,120,0.00016396881485991599,0.00016396881498317167,0.00016396881485991597,2.9321001858174916e-05,2.9321001860661547e-05,2.9321001858174919e-05
A,5,54,6,120,4.5794719893177807e-05,4.5794720093935912e-05,4.5794719893177814e-05,0.00012614190497838528,0.00012614190498163954,0.00012614190497838525
A,5,55,6,120,0.00014886319256959899,0.00014886319268979722,0.00014886319256959899,0.00050925914361806977,0.0005092591436226296,0.00050925914361806956
A,5,56,6,60,0.00016476561709876823,0.00016476561720784981,0.00016476561709876823,0.00045407793536676836,0.00045407793536980916,0.00045407793536676825
A,5,57,6,120,4.8737625255356982e-05,4.8737625364322912e-05,4.8737625255356968e-05,3.1853345105634141e-05,3.1853345110937794e-05,3.1853345105634128e-05
A,5,58,6,120,0.00013228678200574948,0.00013228678209581055,0.00013228678200574948,0.00013170096465779831,0.0001317009646612545,0.00013170096465779831
A,5,59,6,60,0.00016469292466821019,0.0001646929247655065,0.00016469292466821017,0.00043539224038953098,0.00043539224039272509,0.00043539224038953098
A,5,60,6,120,0.00010495075885866145,0.00010495075891464242,0.00010495075885866142,0.0020592585340415055,0.0020592585340455816,0.0020592585340415059
A,5,61,6,120,0.00012820637741706425,0.00012820637756635889,0.00012820637741706422,3.0432518388473158e-05,3.0432518392285935e-05,3.0432518388473141e-05
A,5,62,6,120,0.00016365569733505699,0.00016365569741614086,0.00016365569733505704,2.9364720272027218e-05,2.9364720275463492e-05,2.9364720272027228e-05
A,5,63,6,120,0.00010492256517117265,0.00010492256525456226,0.00010492256517117265,0.0020568658697221911,0.0020568658697263059,0.0020568658697221911
A,5,64,6,120,0.00013228683614785336,0.00013228683626948998,0.00013228683614785328,0.00011173241853718563,0.000111732418541249,0.00011173241853718567
A,5,65,6,120,0.00016060749228794845,0.00016060749248006552,0.00016060749228794853,0.00012589602624871527,0.00012589602625267301,0.00012589602624871527
A,5,66,6,120,4.8693991028182955e-05,4.8693991122920541e-05,4.8693991028182955e-05,3.1865330778773439e-05,3.1865330782530443e-05,3.1865330778773445e-05
A,5,67,6,120,0.00014886340343414964,0.00014886340353329267,0.00014886340343414961,0.00044819396121755986,0.00044819396122230466,0.00044819396121756013
A,5,68,6,120,0.00016060757551332027,0.00016060757559955771,0.00016060757551332027,0.00011058587523054211,0.00011058587523434575,0.00011058587523054213
A,5,69,6,120,0.00010485824191405699,0.00010485824202878004,0.000104858241914057,0.0020511124694552905,0.0020511124694589707,0.0020511124694552901
A,5,70,6,120,0.00013527640332322983,0.00013527640345335941,0.00013527640332322983,3.0248822030210424e-05,3.0248822033625241e-05,3.0248822030210427e-05
A,5,71,6,120,0.00015649322920563592,0.00015649322935087917,0.00015649322920563582,2.9609036449927868e-05,2.9609036454198046e-05,2.9609036449927868e-05
A,5,72,6,120,0.0001048413667204823,0.00010484136681206124,0.00010484136672048233,0.0020496486105478235,0.0020496486105511412,0.0020496486105478231
A,5,73,6,120,0.00014886997905678065,0.00014886997917371546,0.00014886997905678065,0.00042939442714107136,0.00042939442714376371,0.00042939442714107163
A,5,74,6,120,0.0001625246986964082,0.0001625246988717563,0.00016252469869640831,2.9924147253303609e-05,2.9924147257163962e-05,2.9924147253303603e-05
A,5,75,6,120,4.762359909107099e-05,4.7623599246874454e-05,4.7623599091070997e-05,3.2367130413425038e-05,3.2367130416406031e-05,3.2367130413425038e-05
A,5,76,6,120,0.00013419320118874886,0.00013419320128585724,0.00013419320118874888,3.0786514334307308e-05,3.0786514337257416e-05,3.0786514334307308e-05
A,5,77,6,120,0.00015165962073385077,0.00015165962087234676,0.00015165962073385077,3.1846096658284756e-05,3.1846096661194056e-05,3.1846096658284742e-05
A,5,78,6,120,0.00015610939338190944,0.0001561093936021038,0.00015610939338190955,0.00013743617033973928,0.00013743617034277353,0.00013743617033973922
A,5,79,6,120,4.4682816189801099e-05,4.4682816409576109e-05,4.4682816189801099e-05,3.3914415156440178e-05,3.3914415159510124e-05,3.3914415156440185e-05
A,5,80,6,120,0.00015936955010588353,0.00015936955024349782,0.00015936955010588367,3.1604666046107628e-05,3.1604666048568157e-05,3.1604666046107635e-05
A,5,81,6,120,0.00015610949476707139,0.0001561094949041001,0.00015610949476707137,0.00011695687899395488,0.00011695687899644067,0.00011695687899395479
A,5,82,6,120,0.00015977947074862243,0.00015977947086243116,0.00015977947074862249,3.154288128319497e-05,3.1542881286873329e-05,3.154288128319497e-05
A,5,83,6,120,4.1542552615448942e-05,4.1542552683005579e-05,4.1542552615448949e-05,0.00013695826277397664,0.00013695826277644433,0.0001369582627739765
A,5,84,6,60,3.7406029145372124e-05,3.7406029187959586e-05,3.7406029145372124e-05,3.3880509735277256e-05,3.3880509739863432e-05,3.3880509735277243e-05
A,5,85,6,120,0.00015818016672053766,0.0001581801668242705,0.00015818016672053761,3.221116184700196e-05,3.2211161850667119e-05,3.221116184700196e-05
A,5,86,6,60,4.3511814144579136e-05,4.3511814310686139e-05,4.3511814144579136e-05,3.4471079279031876e-05,3.4471079282114723e-05,3.4471079279031876e-05
A,5,87,6,60,9.8873764024425798e-05,9.887376406633383e-05,9.8873764024425798e-05,4.0640663645400783e-05,4.0640663649113668e-05,4.0640663645400777e-05
A,5,88,6,120,0.0001045482866390979,0.0001045482867251691,0.00010454828663909792,0.00016337831667047082,0.00016337831667333737,0.00016337831667047079
A,5,89,6,120,0.00014970340076939117,0.0001497034009081185,0.0001497034007693912,3.9401451363821466e-05,3.9401451367105507e-05,3.9401451363821486e-05
A,5,90,6,120,0.00010888368848508796,0.00010888368867059857,0.00010888368848508795,4.0462347281709737e-05,4.0462347287360951e-05,4.0462347281709757e-05
A,5,91,6,120,0.00014518600726324052,0.00014518600737183779,0.00014518600726324044,0.00016301754827500377,0.00016301754827895582,0.00016301754827500374
A,5,92,6,120,0.00012798634726245367,0.00012798634734792133,0.0001279863472624537,0.0006499383896260097,0.00064993838962881312,0.00064993838962600959
A,5,93,6,120,0.00013940457915317475,0.00013940457931397275,0.0001394045791531747,3.9715916611105649e-05,3.9715916614889671e-05,3.9715916611105643e-05
A,5,94,6,120,0.00014956433867226724,0.00014956433877955262,0.00014956433867226721,3.9427077792798604e-05,3.9427077795978075e-05,3.9427077792798604e-05
A,5,95,6,120,0.00012797808955160103,0.00012797808964003579,0.00012797808955160103,0.00064653382091958483,0.00064653382092362229,0.00064653382091958461
A,5,96,6,120,0.00014518600892313231,0.00014518600904215966,0.00014518600892313228,0.00015517224205413937,0.0001551722420559009,0.00015517224205413929
A,5,97,6,120,0.00014789616419929574,0.00014789616431878927,0.00014789616419929569,4.028598232372237e-05,4.0285982326241019e-05,4.0285982323722397e-05
A,5,98,6,60,0.00010722409834438857,0.00010722409839484734,0.00010722409834438858,4.1300677592742618e-05,4.1300677594377093e-05,4.1300677592742638e-05
A,5,99,6,60,0.00013182264275676757,0.00013182264278354013,0.00013182264275676754,4.3271750197459499e-05,4.3271750201370311e-05,4.3271750197459492e-05
A,5,100,6,120,0.00013820017822672626,0.00013820017833875327,0.00013820017822672629,0.00017353434590929931,0.00017353434591340269,0.00017353434590929934
A,5,101,6,120,0.00014309003815992849,0.00014309003825764034,0.00014309003815992844,4.2973040976336043e-05,4.2973040977965307e-05,4.297304097633605e-05
A,5,102,6,60,0.00014119297185068158,0.00014119297199249523,0.00014119297185068158,4.3953177843570231e-05,4.3953177846431332e-05,4.3953177843570231e-05
