phase,field,summary,T16,T32,T64,T16_T32_difference,T32_T64_difference,gate,passed_T32_T64
0.0,ecm_displacement,normalized_l2,,,,0.0,0.0,0.05,True
0.0,ecm_displacement,absolute_p95,0.0,0.0,0.0,0.0,0.0,0.05,True
0.0,ecm_dissipation_density,normalized_l2,,,,0.0,0.0,0.05,True
0.0,ecm_dissipation_density,absolute_p95,0.0,0.0,0.0,0.0,0.0,0.05,True
0.0,ecm_equilibrium_energy_density,normalized_l2,,,,0.014374210909925139,0.0061944789351099485,0.05,True
0.0,ecm_equilibrium_energy_density,absolute_p95,1.4608083785221369e-05,1.4821901012938126e-05,1.4914665616620792e-05,0.014425762763502112,0.006219690475614195,0.05,True
0.0,ecm_internal_z,normalized_l2,,,,0.007211162560909367,0.00315038108125049,0.05,True
0.0,ecm_internal_z,absolute_p95,0.0171546542478256,0.01727666096519742,0.017331551056410904,0.007061938508696572,0.003167061680447773,0.05,True
0.0,ecm_jacobian,normalized_l2,,,,1.2262521439648912e-06,6.117647308900999e-07,0.05,True
0.0,ecm_jacobian,absolute_p95,1.0002851321310342,1.0002869522242919,1.0002879056095657,1.8195711276827328e-06,9.53110867873193e-07,0.05,True
0.0,ecm_max_principal_cauchy_stress,normalized_l2,,,,0.006491273610652134,0.003209922680216679,0.05,True
0.0,ecm_max_principal_cauchy_stress,absolute_p95,0.008237204175361947,0.00829230887264659,0.008318881135565604,0.006645277947426017,0.00319421115484024,0.05,True
0.0,ecm_max_principal_green_lagrange_strain,normalized_l2,,,,0.00745919707959163,0.0030938662908215698,0.05,True
0.0,ecm_max_principal_green_lagrange_strain,absolute_p95,0.001950185217169985,0.0019647497150083798,0.0019708392163329067,0.007412902379951553,0.0030898011740691563,0.05,True
0.0,ecm_viscoelastic_energy_density,normalized_l2,,,,0.014045877828213444,0.006366926522681218,0.05,True
0.0,ecm_viscoelastic_energy_density,absolute_p95,6.114824478672136e-05,6.201827933740785e-05,6.24178513597135e-05,0.01402867928587796,0.0064015664365459505,0.05,True
0.0,endocardial_displacement,normalized_l2,,,,0.0,0.0,0.05,True
0.0,endocardial_displacement,absolute_p95,0.0,0.0,0.0,0.0,0.0,0.05,True
0.0,jelly_endocardium_normal_traction,normalized_l2,,,,0.006067255274695582,0.0033031573063579357,0.05,True
0.0,jelly_endocardium_normal_traction,absolute_p95,3.0225912844906407e-06,3.0528576329750036e-06,3.0614326294330804e-06,0.009914104135563123,0.00280097506495342,0.05,True
0.0,jelly_endocardium_tangential_traction,normalized_l2,,,,0.007568999931499654,0.0029644024232901426,0.05,True
0.0,jelly_endocardium_tangential_traction,absolute_p95,0.0003608057952736154,0.00036350838572142053,0.0003646125126344195,0.007434740308511833,0.003028220027396673,0.05,True
0.0,jelly_endocardium_traction_magnitude,normalized_l2,,,,0.007393271155538821,0.0030082826255767026,0.05,True
0.0,jelly_endocardium_traction_magnitude,absolute_p95,0.0004097586233533831,0.0004123374135694519,0.0004136578405447138,0.006254077682995471,0.003192075299535359,0.05,True
0.0,myocyte_displacement,normalized_l2,,,,0.0,0.0,0.05,True
0.0,myocyte_displacement,absolute_p95,0.0,0.0,0.0,0.0,0.0,0.05,True
0.0,myocyte_jelly_normal_traction,normalized_l2,,,,0.007051545750308438,0.003232576890533955,0.05,True
0.0,myocyte_jelly_normal_traction,absolute_p95,5.486537443087073e-05,5.5500648099675124e-05,5.566399491709043e-05,0.011446238747761753,0.0029345148090539684,0.05,True
0.0,myocyte_jelly_tangential_traction,normalized_l2,,,,0.007192915631687539,0.0031139625712103816,0.05,True
0.0,myocyte_jelly_tangential_traction,absolute_p95,0.002299524816780896,0.0023161886310881824,0.0023234060670777913,0.007194497928028297,0.003106403177592825,0.05,True
0.0,myocyte_jelly_traction_magnitude,normalized_l2,,,,0.007192012973942942,0.003114650647456048,0.05,True
0.0,myocyte_jelly_traction_magnitude,absolute_p95,0.002299524816780896,0.0023161886310881824,0.0023234060670777913,0.007194497928028297,0.003106403177592825,0.05,True
0.25,ecm_displacement,normalized_l2,,,,0.0011479054012898573,0.0005319142352993064,0.05,True
0.25,ecm_displacement,absolute_p95,0.010826688575570143,0.010825290472323236,0.010824542893291423,0.00012913489079772512,6.905856556218915e-05,0.05,True
0.25,ecm_dissipation_density,normalized_l2,,,,0.01459239299676016,0.0033613158777333276,0.05,True
0.25,ecm_dissipation_density,absolute_p95,6.466790788205998e-07,6.364008199530371e-07,6.34123717914605e-07,0.0158939096751174,0.0035780941303629366,0.05,True
0.25,ecm_equilibrium_energy_density,normalized_l2,,,,0.00012597089001362222,8.950648344141004e-05,0.05,True
0.25,ecm_equilibrium_energy_density,absolute_p95,0.00029113254911157944,0.0002911360883925287,0.00029111497591454046,1.2156792271284995e-05,7.251755735544802e-05,0.05,True
0.25,ecm_internal_z,normalized_l2,,,,0.0010373231751328491,0.0002707519409440832,0.05,True
0.25,ecm_internal_z,absolute_p95,0.016447579302996125,0.016447938344695295,0.016444806357197646,2.1828978905801767e-05,0.00019041824160653565,0.05,True
0.25,ecm_jacobian,normalized_l2,,,,2.8226152131042704e-07,9.438551634205174e-08,0.05,True
0.25,ecm_jacobian,absolute_p95,1.0016583467632416,1.0016579342133867,1.0016578161340968,4.1186683690866985e-07,1.1788384623948778e-07,0.05,True
0.25,ecm_max_principal_cauchy_stress,normalized_l2,,,,0.00023224875954885166,7.800376044224984e-05,0.05,True
0.25,ecm_max_principal_cauchy_stress,absolute_p95,0.05352535807440354,0.05351390921487612,0.05351069055037652,0.0002138959913449636,6.0146316104032825e-05,0.05,True
0.25,ecm_max_principal_green_lagrange_strain,normalized_l2,,,,0.00020458109575092527,4.199634440873764e-05,0.05,True
0.25,ecm_max_principal_green_lagrange_strain,absolute_p95,0.007981393140279673,0.007982283198569468,0.007982116933624933,0.00011150422349764474,2.0829246519870293e-05,0.05,True
0.25,ecm_viscoelastic_energy_density,normalized_l2,,,,0.0057665836661285426,0.00479323978841727,0.05,True
0.25,ecm_viscoelastic_energy_density,absolute_p95,6.267318500046513e-07,6.26521593032914e-07,6.291857277806246e-07,0.00033548154882451843,0.004234258073697763,0.05,True
0.25,endocardial_displacement,normalized_l2,,,,0.000925021043845951,0.0004251769246126261,0.05,True
0.25,endocardial_displacement,absolute_p95,0.007082122416929353,0.007087505781376582,0.007089942107088771,0.0007595569743837364,0.0003436312561357624,0.05,True
0.25,jelly_endocardium_normal_traction,normalized_l2,,,,0.00025409072608529,5.3175152228704785e-05,0.05,True
0.25,jelly_endocardium_normal_traction,absolute_p95,1.4711298357567797e-05,1.4718822826002534e-05,1.4717287731521682e-05,0.0005112140096859412,0.00010429465039422647,0.05,True
0.25,jelly_endocardium_tangential_traction,normalized_l2,,,,0.00038043753197491964,4.6416400285198994e-05,0.05,True
0.25,jelly_endocardium_tangential_traction,absolute_p95,0.0013186761136717794,0.0013189646221231051,0.0013189503459232316,0.00021873858213219044,1.0823792870609951e-05,0.05,True
0.25,jelly_endocardium_traction_magnitude,normalized_l2,,,,0.0003338048579364569,4.872365748235371e-05,0.05,True
0.25,jelly_endocardium_traction_magnitude,absolute_p95,0.0014031428293117423,0.0014033870681195752,0.0014033611667247016,0.00017403524186672352,1.8456344270173673e-05,0.05,True
0.25,myocyte_displacement,normalized_l2,,,,4.865108355188753e-06,2.2500282462828665e-06,0.05,True
0.25,myocyte_displacement,absolute_p95,0.03860403541850962,0.03860373973261557,0.03860360252455436,7.659455568354832e-06,3.5542686320477025e-06,0.05,True
0.25,myocyte_jelly_normal_traction,normalized_l2,,,,4.4747535558423994e-05,2.101180299635055e-05,0.05,True
0.25,myocyte_jelly_normal_traction,absolute_p95,0.006746210191180004,0.0067457505125083,0.0067457652673532835,6.813880070106404e-05,2.1872751865883954e-06,0.05,True
0.25,myocyte_jelly_tangential_traction,normalized_l2,,,,1.0110608443967992e-05,8.489657797360286e-06,0.05,True
0.25,myocyte_jelly_tangential_traction,absolute_p95,0.047515874960821096,0.04751545547246215,0.04751581480656089,8.828383341166508e-06,7.562410540637514e-06,0.05,True
0.25,myocyte_jelly_traction_magnitude,normalized_l2,,,,9.915201563305955e-06,8.588911399288496e-06,0.05,True
0.25,myocyte_jelly_traction_magnitude,absolute_p95,0.04797567542711341,0.047975230354359875,0.047975586629913976,9.27705028791584e-06,7.426184422687006e-06,0.05,True
0.5,ecm_displacement,normalized_l2,,,,0.0008240366858306551,0.0003964090441126177,0.05,True
0.5,ecm_displacement,absolute_p95,0.021362427774501272,0.02135643581871843,0.02135333510203931,0.0002804903939801373,0.00014518886510096068,0.05,True
0.5,ecm_dissipation_density,normalized_l2,,,,0.005592501576442032,0.0020977608594898015,0.05,True
0.5,ecm_dissipation_density,absolute_p95,5.412701881295045e-05,5.3821911368389175e-05,5.370662218443895e-05,0.0056368787945933465,0.0021420492327208027,0.05,True
0.5,ecm_equilibrium_energy_density,normalized_l2,,,,0.0010862888287502658,0.0006105163072703696,0.05,True
0.5,ecm_equilibrium_energy_density,absolute_p95,0.0008286485504603276,0.0008277664360907746,0.0008272633600941791,0.001064521707137459,0.0006077511417003706,0.05,True
0.5,ecm_internal_z,normalized_l2,,,,0.004307543732287406,0.002480968889419342,0.05,True
0.5,ecm_internal_z,absolute_p95,0.017674583382173807,0.017596915912391913,0.017552720246551284,0.004394302717212992,0.00251155748317843,0.05,True
0.5,ecm_jacobian,normalized_l2,,,,1.185350437058362e-06,5.806812689977153e-07,0.05,True
0.5,ecm_jacobian,absolute_p95,1.0029404521849572,1.0029392577225922,1.0029387145225759,1.1909604028984013e-06,5.41608090538083e-07,0.05,True
0.5,ecm_max_principal_cauchy_stress,normalized_l2,,,,0.0005563986104061277,0.0002737713225981868,0.05,True
0.5,ecm_max_principal_cauchy_stress,absolute_p95,0.09370621259511738,0.0936469695369399,0.09361747244338227,0.000632221242720081,0.0003149818269987027,0.05,True
0.5,ecm_max_principal_green_lagrange_strain,normalized_l2,,,,0.0006246093522360052,0.000370266623278309,0.05,True
0.5,ecm_max_principal_green_lagrange_strain,absolute_p95,0.01332130984420722,0.013313314235566217,0.01330859648499304,0.0006002118961656988,0.00035436334557284525,0.05,True
0.5,ecm_viscoelastic_energy_density,normalized_l2,,,,0.010117219936985956,0.005731231647181209,0.05,True
0.5,ecm_viscoelastic_energy_density,absolute_p95,5.245743638056959e-05,5.298640195512045e-05,5.328840289538194e-05,0.009983043857155984,0.005667292015757956,0.05,True
0.5,endocardial_displacement,normalized_l2,,,,0.0004984991224929319,0.0002326771086949959,0.05,True
0.5,endocardial_displacement,absolute_p95,0.014079628882041348,0.014084009321199496,0.01408599396432056,0.0003110221711905461,0.00014089478712628613,0.05,True
0.5,jelly_endocardium_normal_traction,normalized_l2,,,,0.0005339430507354205,0.00024042039565965232,0.05,True
0.5,jelly_endocardium_normal_traction,absolute_p95,2.4172443931730005e-05,2.4169035705211132e-05,2.4162324655281296e-05,0.00014099635636754548,0.0002776713978865342,0.05,True
0.5,jelly_endocardium_tangential_traction,normalized_l2,,,,0.0005993093815627167,0.0003502318812980253,0.05,True
0.5,jelly_endocardium_tangential_traction,absolute_p95,0.002195780077094958,0.0021945747598074035,0.002193803027719632,0.0005489244119334427,0.0003516544990425905,0.05,True
0.5,jelly_endocardium_traction_magnitude,normalized_l2,,,,0.0005755945008023075,0.0003139852618692494,0.05,True
0.5,jelly_endocardium_traction_magnitude,absolute_p95,0.0023606203231142453,0.002359312797282868,0.0023584994296753036,0.0005538907797135675,0.00034474767758688944,0.05,True
0.5,myocyte_displacement,normalized_l2,,,,3.807593792040501e-06,1.8119412965874411e-06,0.05,True
0.5,myocyte_displacement,absolute_p95,0.07193558005203886,0.07193513246043477,0.07193491811356183,6.2221171187055765e-06,2.9797244491529645e-06,0.05,True
0.5,myocyte_jelly_normal_traction,normalized_l2,,,,0.0002281449662164218,0.0001227534189367405,0.05,True
0.5,myocyte_jelly_normal_traction,absolute_p95,0.02466136713116635,0.024664460293118508,0.024666338615672672,0.00012540967511144664,7.614922439160745e-05,0.05,True
0.5,myocyte_jelly_tangential_traction,normalized_l2,,,,0.00012319104293625428,7.033570727614941e-05,0.05,True
0.5,myocyte_jelly_tangential_traction,absolute_p95,0.08931669951452835,0.08932686907096622,0.08933267085542645,0.00011384655640166967,6.494583006056155e-05,0.05,True
0.5,myocyte_jelly_traction_magnitude,normalized_l2,,,,0.00012589644281236253,7.169075058185405e-05,0.05,True
0.5,myocyte_jelly_traction_magnitude,absolute_p95,0.09256656495293612,0.09257719292382612,0.09258324325175808,0.00011480117893331912,6.535014025717784e-05,0.05,True
0.75,ecm_displacement,normalized_l2,,,,0.0010092553102049877,0.00048445057663093884,0.05,True
0.75,ecm_displacement,absolute_p95,0.010947420619030335,0.01094766103303094,0.010947432546253614,2.1960307309440017e-05,2.0870830457490774e-05,0.05,True
0.75,ecm_dissipation_density,normalized_l2,,,,0.0881366016261173,0.015907522395459724,0.05,True
0.75,ecm_dissipation_density,absolute_p95,3.1083393555043575e-08,3.379762262404062e-08,3.4379400673122235e-08,0.08030828378639815,0.01692228595294998,0.05,True
0.75,ecm_equilibrium_energy_density,normalized_l2,,,,0.0006035594294085835,0.00011896842557200368,0.05,True
0.75,ecm_equilibrium_energy_density,absolute_p95,0.0003052833287161455,0.0003055044583019525,0.0003055479815435494,0.0007238178684398596,0.0001424432306082292,0.05,True
0.75,ecm_internal_z,normalized_l2,,,,0.0016242073029178613,0.0003253279373537803,0.05,True
0.75,ecm_internal_z,absolute_p95,0.018425482336551644,0.018449356152468874,0.018454503119984818,0.001294018919681134,0.0002789003574075967,0.05,True
0.75,ecm_jacobian,normalized_l2,,,,1.4667656061162603e-07,3.685675975265561e-08,0.05,True
0.75,ecm_jacobian,absolute_p95,1.001690145565036,1.0016902706755861,1.0016903268478439,1.2489943628752833e-07,5.6077468483595875e-08,0.05,True
0.75,ecm_max_principal_cauchy_stress,normalized_l2,,,,0.00012067042650105361,3.072129323463063e-05,0.05,True
0.75,ecm_max_principal_cauchy_stress,absolute_p95,0.05407954653004306,0.05407846883242364,0.05407877803131362,1.9928007695423837e-05,5.7175642873954465e-06,0.05,True
0.75,ecm_max_principal_green_lagrange_strain,normalized_l2,,,,0.00046559409863016887,9.090407467905387e-05,0.05,True
0.75,ecm_max_principal_green_lagrange_strain,absolute_p95,0.008196482815871816,0.00819966888181595,0.008200267789776764,0.0003885603175025692,7.303517106600501e-05,0.05,True
0.75,ecm_viscoelastic_energy_density,normalized_l2,,,,0.10114082016852059,0.023123866210728636,0.05,True
0.75,ecm_viscoelastic_energy_density,absolute_p95,3.01246064473002e-08,3.327296210696172e-08,3.411168455316867e-08,0.09462204325363599,0.02458754110778845,0.05,True
0.75,endocardial_displacement,normalized_l2,,,,0.000900137563067269,0.0004184718613937422,0.05,True
0.75,endocardial_displacement,absolute_p95,0.00709992646559627,0.007105322950597667,0.007107791014190715,0.0007594989051051014,0.0003472335621742766,0.05,True
0.75,jelly_endocardium_normal_traction,normalized_l2,,,,9.854060276844476e-05,4.5623837788498684e-05,0.05,True
0.75,jelly_endocardium_normal_traction,absolute_p95,1.5023870526981887e-05,1.5033033718555644e-05,1.503312099906792e-05,0.0006095370864795393,5.8058810464097935e-06,0.05,True
0.75,jelly_endocardium_tangential_traction,normalized_l2,,,,0.0005245173755229306,8.614246853622832e-05,0.05,True
0.75,jelly_endocardium_tangential_traction,absolute_p95,0.0013552715305078095,0.0013559475865825858,0.0013560681377021641,0.0004985856986406275,8.889753857248564e-05,0.05,True
0.75,jelly_endocardium_traction_magnitude,normalized_l2,,,,0.0004251722475918715,7.477485653140174e-05,0.05,True
0.75,jelly_endocardium_traction_magnitude,absolute_p95,0.0014413118997964015,0.0014419774931846137,0.0014420973075208847,0.00046158375658294945,8.308339225523244e-05,0.05,True
0.75,myocyte_displacement,normalized_l2,,,,4.084245900291479e-06,1.9848271308012876e-06,0.05,True
0.75,myocyte_displacement,absolute_p95,0.03860820624214,0.038607961959091094,0.03860784214367237,6.327231246515109e-06,3.103386261423665e-06,0.05,True
0.75,myocyte_jelly_normal_traction,normalized_l2,,,,0.00017176784719207487,4.225508547465018e-05,0.05,True
0.75,myocyte_jelly_normal_traction,absolute_p95,0.006707524020106379,0.006706704815942203,0.006706566627007843,0.0001221321253148517,2.0604594678330784e-05,0.05,True
0.75,myocyte_jelly_tangential_traction,normalized_l2,,,,8.426455700500083e-05,1.6914258091142077e-05,0.05,True
0.75,myocyte_jelly_tangential_traction,absolute_p95,0.047247736043794515,0.047243991199089785,0.04724322856544473,7.92597702725608e-05,1.6142447445658655e-05,0.05,True
0.75,myocyte_jelly_traction_magnitude,normalized_l2,,,,8.507796596382191e-05,1.7156828344896073e-05,0.05,True
0.75,myocyte_jelly_traction_magnitude,absolute_p95,0.04770518920935639,0.0477013926899483,0.04770061718750438,7.958294414104811e-05,1.6257438204412993e-05,0.05,True
1.0,ecm_displacement,normalized_l2,,,,0.7997965637471882,0.8126789605243029,0.05,False
1.0,ecm_displacement,absolute_p95,1.0184187194909656e-06,2.0324017560028572e-07,4.3893408577442126e-08,0.80043554609653,0.7840318310698192,0.05,False
1.0,ecm_dissipation_density,normalized_l2,,,,0.0021738424778093017,0.001548252049785346,0.05,True
1.0,ecm_dissipation_density,absolute_p95,6.31388582729896e-05,6.300359709013191e-05,6.29089516932605e-05,0.0021422811016453217,0.0015022221149694286,0.05,True
1.0,ecm_equilibrium_energy_density,normalized_l2,,,,0.013582358381353084,0.006063485931237794,0.05,True
1.0,ecm_equilibrium_energy_density,absolute_p95,1.4622279729031859e-05,1.4824369849460176e-05,1.491508825265561e-05,0.013632290780688824,0.006082324265113273,0.05,True
1.0,ecm_internal_z,normalized_l2,,,,0.006798085363324655,0.0030820868821225715,0.05,True
1.0,ecm_internal_z,absolute_p95,0.017161671357320333,0.017277966489166914,0.017331789312245452,0.006730834436997946,0.0031054394966889168,0.05,True
1.0,ecm_jacobian,normalized_l2,,,,1.2308071668373839e-06,6.135430017962008e-07,0.05,True
1.0,ecm_jacobian,absolute_p95,1.0002850852924141,1.0002869479478464,1.0002879047339053,1.8621211005102228e-06,9.565106748742155e-07,0.05,True
1.0,ecm_max_principal_cauchy_stress,normalized_l2,,,,0.006482868601994723,0.003213392272358116,0.05,True
1.0,ecm_max_principal_cauchy_stress,absolute_p95,0.008238136290232399,0.008292429005076785,0.0083188719751085,0.006547263149451982,0.0031786725545045517,0.05,True
1.0,ecm_max_principal_green_lagrange_strain,normalized_l2,,,,0.006939351446096044,0.0030029003568236524,0.05,True
1.0,ecm_max_principal_green_lagrange_strain,absolute_p95,0.001951414311039513,0.0019649799192291355,0.001970883614709138,0.006903687949617457,0.002995456167955233,0.05,True
1.0,ecm_viscoelastic_energy_density,normalized_l2,,,,0.013421442861809421,0.00626181476850407,0.05,True
1.0,ecm_viscoelastic_energy_density,absolute_p95,6.119129990223502e-05,6.202555493034427e-05,6.241907286673215e-05,0.013450182413460625,0.006304450199509667,0.05,True
1.0,endocardial_displacement,normalized_l2,,,,0.752825781888531,0.8459609339263467,0.05,False
1.0,endocardial_displacement,absolute_p95,3.6124302606548824e-07,9.975166296334374e-08,1.4588816623681993e-08,0.7238654983881677,0.8537486374633874,0.05,False
1.0,jelly_endocardium_normal_traction,normalized_l2,,,,0.006297949590598981,0.003294565395416431,0.05,True
1.0,jelly_endocardium_normal_traction,absolute_p95,3.0271002902114234e-06,3.052811144294176e-06,3.0617096612951017e-06,0.00842202575511655,0.0029063882553650735,0.05,True
1.0,jelly_endocardium_tangential_traction,normalized_l2,,,,0.006908656756965374,0.002866171455531516,0.05,True
1.0,jelly_endocardium_tangential_traction,absolute_p95,0.0003610406145647556,0.0003635445746557709,0.00036461839565689867,0.006887628823470238,0.002945054374432036,0.05,True
1.0,jelly_endocardium_traction_magnitude,normalized_l2,,,,0.006834334750409225,0.0029221980551995884,0.05,True
1.0,jelly_endocardium_traction_magnitude,absolute_p95,0.00040972586026800456,0.00041233820758886894,0.0004136533542975385,0.00633544811706869,0.0031793449636179955,0.05,True
1.0,myocyte_displacement,normalized_l2,,,,0.8277128092703767,0.8258910621000081,0.05,False
1.0,myocyte_displacement,absolute_p95,1.6768071374187734e-08,2.8740171673156066e-09,4.997696652589595e-10,0.8286018049911344,0.8261076270028842,0.05,False
1.0,myocyte_jelly_normal_traction,normalized_l2,,,,0.006853150700118738,0.003185542159707047,0.05,True
1.0,myocyte_jelly_normal_traction,absolute_p95,5.50147230443099e-05,5.552943254920994e-05,5.566321263320176e-05,0.0092691295637481,0.0024033841681646837,0.05,True
1.0,myocyte_jelly_tangential_traction,normalized_l2,,,,0.006812298057894713,0.0030490718708541973,0.05,True
1.0,myocyte_jelly_tangential_traction,absolute_p95,0.0023006061027721287,0.0023163731680338933,0.0023234399612362083,0.0068067898037117575,0.003041521760930328,0.05,True
1.0,myocyte_jelly_traction_magnitude,normalized_l2,,,,0.00681250353798643,0.0030498585901926147,0.05,True
1.0,myocyte_jelly_traction_magnitude,absolute_p95,0.0023006061027721287,0.0023163731680338937,0.0023234399612362083,0.006806789803711944,0.003041521760930141,0.05,True
